mal_id,url,approved,titles,title,title_english,title_japanese,title_synonyms,type,source,episodes,status,airing,duration,rating,score,scored_by,rank,popularity,members,favorites,synopsis,background,season,year,producers,licensors,studios,genres,explicit_genres,themes,demographics,images.jpg.image_url,images.jpg.small_image_url,images.jpg.large_image_url,images.webp.image_url,images.webp.small_image_url,images.webp.large_image_url,trailer.youtube_id,trailer.url,trailer.embed_url,trailer.images.image_url,trailer.images.small_image_url,trailer.images.medium_image_url,trailer.images.large_image_url,trailer.images.maximum_image_url,aired.from,aired.to,aired.prop.from.day,aired.prop.from.month,aired.prop.from.year,aired.prop.to.day,aired.prop.to.month,aired.prop.to.year,aired.string,broadcast.day,broadcast.time,broadcast.timezone,broadcast.string
52991,https://myanimelist.net/anime/52991/Sousou_no_Frieren,True,"[{'type': 'Default', 'title': 'Sousou no Frieren'}, {'type': 'Synonym', 'title': 'Frieren at the Funeral'}, {'type': 'Synonym', 'title': 'Frieren The Slayer'}, {'type': 'Japanese', 'title': '葬送のフリーレン'}, {'type': 'English', 'title': ""Frieren: Beyond Journey's End""}]",Sousou no Frieren,Frieren: Beyond Journey's End,葬送のフリーレン,"['Frieren at the Funeral', 'Frieren The Slayer']",TV,Manga,28.0,Finished Airing,False,24 min per ep,PG-13 - Teens 13 or older,9.27,882220,1.0,104,1431155,89193,"During their decade-long quest to defeat the Demon King, the members of the hero's party—Himmel himself, the priest Heiter, the dwarf warrior Eisen, and the elven mage Frieren—forge bonds through adventures and battles, creating unforgettable precious memories for most of them.

However, the time that Frieren spends with her comrades is equivalent to merely a fraction of her life, which has lasted over a thousand years. When the party disbands after their victory, Frieren casually returns to her ""usual"" routine of collecting spells across the continent. Due to her different sense of time, she seemingly holds no strong feelings toward the experiences she went through.

As the years pass, Frieren gradually realizes how her days in the hero's party truly impacted her. Witnessing the deaths of two of her former companions, Frieren begins to regret having taken their presence for granted; she vows to better understand humans and create real personal connections. Although the story of that once memorable journey has long ended, a new tale is about to begin.

[Written by MAL Rewrite]","Sousou no Frieren was released on Blu-ray and DVD in seven volumes from January 24, 2024, to July 17, 2024. The series aired on Nippon TV's Friday Anime Night block.",fall,2023.0,"[{'mal_id': 17, 'type': 'anime', 'name': 'Aniplex', 'url': 'https://myanimelist.net/anime/producer/17/Aniplex'}, {'mal_id': 53, 'type': 'anime', 'name': 'Dentsu', 'url': 'https://myanimelist.net/anime/producer/53/Dentsu'}, {'mal_id': 62, 'type': 'anime', 'name': 'Shogakukan-Shueisha Productions', 'url': 'https://myanimelist.net/anime/producer/62/Shogakukan-Shueisha_Productions'}, {'mal_id': 1003, 'type': 'anime', 'name': 'Nippon Television Network', 'url': 'https://myanimelist.net/anime/producer/1003/Nippon_Television_Network'}, {'mal_id': 1143, 'type': 'anime', 'name': 'TOHO animation', 'url': 'https://myanimelist.net/anime/producer/1143/TOHO_animation'}, {'mal_id': 1430, 'type': 'anime', 'name': 'Shogakukan', 'url': 'https://myanimelist.net/anime/producer/1430/Shogakukan'}]","[{'mal_id': 1468, 'type': 'anime', 'name': 'Crunchyroll', 'url': 'https://myanimelist.net/anime/producer/1468/Crunchyroll'}]","[{'mal_id': 11, 'type': 'anime', 'name': 'Madhouse', 'url': 'https://myanimelist.net/anime/producer/11/Madhouse'}]","[{'mal_id': 2, 'type': 'anime', 'name': 'Adventure', 'url': 'https://myanimelist.net/anime/genre/2/Adventure'}, {'mal_id': 46, 'type': 'anime', 'name': 'Award Winning', 'url': 'https://myanimelist.net/anime/genre/46/Award_Winning'}, {'mal_id': 8, 'type': 'anime', 'name': 'Drama', 'url': 'https://myanimelist.net/anime/genre/8/Drama'}, {'mal_id': 10, 'type': 'anime', 'name': 'Fantasy', 'url': 'https://myanimelist.net/anime/genre/10/Fantasy'}]",[],[],"[{'mal_id': 27, 'type': 'anime', 'name': 'Shounen', 'url': 'https://myanimelist.net/anime/genre/27/Shounen'}]",https://myanimelist.net/images/anime/1015/138006.jpg,https://myanimelist.net/images/anime/1015/138006t.jpg,https://myanimelist.net/images/anime/1015/138006l.jpg,https://myanimelist.net/images/anime/1015/138006.webp,https://myanimelist.net/images/anime/1015/138006t.webp,https://myanimelist.net/images/anime/1015/138006l.webp,,,https://www.youtube-nocookie.com/embed/ZEkwCGJ3o7M?enablejsapi=1&wmode=opaque&autoplay=1,,,,,,2023-09-29T00:00:00+00:00,2024-03-22T00:00:00+00:00,29,9,2023,22.0,3.0,2024.0,"Sep 29, 2023 to Mar 22, 2024",Fridays,23:00,Asia/Tokyo,Fridays at 23:00 (JST)
61469,https://myanimelist.net/anime/61469/Steel_Ball_Run__JoJo_no_Kimyou_na_Bouken,True,"[{'type': 'Default', 'title': 'Steel Ball Run: JoJo no Kimyou na Bouken'}, {'type': 'Synonym', 'title': ""JoJo's Bizarre Adventure Part 7: Steel Ball Run""}, {'type': 'Synonym', 'title': 'JoJo no Kimyou na Bouken Part 7: Steel Ball Run'}, {'type': 'Synonym', 'title': 'SBR'}, {'type': 'Japanese', 'title': 'スティール・ボール・ラン ジョジョの奇妙な冒険'}, {'type': 'English', 'title': ""Steel Ball Run: JoJo's Bizarre Adventure""}]",Steel Ball Run: JoJo no Kimyou na Bouken,Steel Ball Run: JoJo's Bizarre Adventure,スティール・ボール・ラン ジョジョの奇妙な冒険,"[""JoJo's Bizarre Adventure Part 7: Steel Ball Run"", 'JoJo no Kimyou na Bouken Part 7: Steel Ball Run', 'SBR']",ONA,Manga,,Currently Airing,True,47 min,R - 17+ (violence & profanity),9.14,91509,2.0,1386,201197,6721,"In the American Old West, the world's greatest race is about to begin. Thousands line up in San Diego to travel over six thousand kilometers for a chance to win the grand prize of fifty million dollars. With the era of the horse reaching its end, contestants are allowed to use any kind of vehicle they wish. Competitors will have to endure grueling conditions, traveling up to a hundred kilometers a day through uncharted wastelands. The Steel Ball Run is truly a one-of-a-kind event.

The youthful Johnny Joestar, a crippled former horse racer, has come to San Diego to watch the start of the race. There he encounters Gyro Zeppeli, a racer with two steel balls at his waist instead of a gun. Johnny witnesses Gyro using one of his steel balls to unleash a fantastical power, compelling a man to fire his gun at himself during a duel. In the midst of the action, Johnny happens to touch the steel ball and feels a power surging through his legs, allowing him to stand up for the first time in two years. Vowing to find the secret of the steel balls, Johnny decides to compete in the race, and so begins his bizarre adventure across America on the Steel Ball Run.

[Written by MAL Rewrite]",,,,"[{'mal_id': 415, 'type': 'anime', 'name': 'Warner Bros. Japan', 'url': 'https://myanimelist.net/anime/producer/415/Warner_Bros_Japan'}, {'mal_id': 719, 'type': 'anime', 'name': 'Studio Mausu', 'url': 'https://myanimelist.net/anime/producer/719/Studio_Mausu'}, {'mal_id': 1783, 'type': 'anime', 'name': 'ONEMUSIC', 'url': 'https://myanimelist.net/anime/producer/1783/ONEMUSIC'}]",[],"[{'mal_id': 287, 'type': 'anime', 'name': 'David Production', 'url': 'https://myanimelist.net/anime/producer/287/David_Production'}]","[{'mal_id': 1, 'type': 'anime', 'name': 'Action', 'url': 'https://myanimelist.net/anime/genre/1/Action'}, {'mal_id': 2, 'type': 'anime', 'name': 'Adventure', 'url': 'https://myanimelist.net/anime/genre/2/Adventure'}, {'mal_id': 7, 'type': 'anime', 'name': 'Mystery', 'url': 'https://myanimelist.net/anime/genre/7/Mystery'}, {'mal_id': 37, 'type': 'anime', 'name': 'Supernatural', 'url': 'https://myanimelist.net/anime/genre/37/Supernatural'}]",[],"[{'mal_id': 13, 'type': 'anime', 'name': 'Historical', 'url': 'https://myanimelist.net/anime/genre/13/Historical'}, {'mal_id': 3, 'type': 'anime', 'name': 'Racing', 'url': 'https://myanimelist.net/anime/genre/3/Racing'}]","[{'mal_id': 42, 'type': 'anime', 'name': 'Seinen', 'url': 'https://myanimelist.net/anime/genre/42/Seinen'}, {'mal_id': 27, 'type': 'anime', 'name': 'Shounen', 'url': 'https://myanimelist.net/anime/genre/27/Shounen'}]",https://myanimelist.net/images/anime/1448/154111.jpg,https://myanimelist.net/images/anime/1448/154111t.jpg,https://myanimelist.net/images/anime/1448/154111l.jpg,https://myanimelist.net/images/anime/1448/154111.webp,https://myanimelist.net/images/anime/1448/154111t.webp,https://myanimelist.net/images/anime/1448/154111l.webp,,,https://www.youtube-nocookie.com/embed/TWw06YDOQy0?si=SxzUyy3Q-7R6PxzG?enablejsapi=1&wmode=opaque&autoplay=1,,,,,,2026-03-19T00:00:00+00:00,,19,3,2026,,,,"Mar 19, 2026 to ?",,,,
5114,https://myanimelist.net/anime/5114/Fullmetal_Alchemist__Brotherhood,True,"[{'type': 'Default', 'title': 'Fullmetal Alchemist: Brotherhood'}, {'type': 'Synonym', 'title': 'Hagane no Renkinjutsushi: Fullmetal Alchemist'}, {'type': 'Synonym', 'title': 'Fullmetal Alchemist (2009)'}, {'type': 'Synonym', 'title': 'FMA'}, {'type': 'Synonym', 'title': 'FMAB'}, {'type': 'Japanese', 'title': '鋼の錬金術師 FULLMETAL ALCHEMIST'}, {'type': 'English', 'title': 'Fullmetal Alchemist: Brotherhood'}, {'type': 'French', 'title': 'Fullmetal Alchemist Brotherhood'}]",Fullmetal Alchemist: Brotherhood,Fullmetal Alchemist: Brotherhood,鋼の錬金術師 FULLMETAL ALCHEMIST,"['Hagane no Renkinjutsushi: Fullmetal Alchemist', 'Fullmetal Alchemist (2009)', 'FMA', 'FMAB']",TV,Manga,64.0,Finished Airing,False,24 min per ep,R - 17+ (violence & profanity),9.11,2310051,3.0,3,3679834,242442,"After a horrific alchemy experiment goes wrong in the Elric household, brothers Edward and Alphonse are left in a catastrophic new reality. Ignoring the alchemical principle banning human transmutation, the boys attempted to bring their recently deceased mother back to life. Instead, they suffered brutal personal loss: Alphonse's body disintegrated while Edward lost a leg and then sacrificed an arm to keep Alphonse's soul in the physical realm by binding it to a hulking suit of armor.

The brothers are rescued by their neighbor Pinako Rockbell and her granddaughter Winry. Known as a bio-mechanical engineering prodigy, Winry creates prosthetic limbs for Edward by utilizing ""automail,"" a tough, versatile metal used in robots and combat armor. After years of training, the Elric brothers set off on a quest to restore their bodies by locating the Philosopher's Stone—a powerful gem that allows an alchemist to defy the traditional laws of Equivalent Exchange.

As Edward becomes an infamous alchemist and gains the nickname ""Fullmetal,"" the boys' journey embroils them in a growing conspiracy that threatens the fate of the world.

[Written by MAL Rewrite]",,spring,2009.0,"[{'mal_id': 17, 'type': 'anime', 'name': 'Aniplex', 'url': 'https://myanimelist.net/anime/producer/17/Aniplex'}, {'mal_id': 58, 'type': 'anime', 'name': 'Square Enix', 'url': 'https://myanimelist.net/anime/producer/58/Square_Enix'}, {'mal_id': 143, 'type': 'anime', 'name': 'Mainichi Broadcasting System', 'url': 'https://myanimelist.net/anime/producer/143/Mainichi_Broadcasting_System'}, {'mal_id': 1499, 'type': 'anime', 'name': 'Techno Sound', 'url': 'https://myanimelist.net/anime/producer/1499/Techno_Sound'}]","[{'mal_id': 102, 'type': 'anime', 'name': 'Funimation', 'url': 'https://myanimelist.net/anime/producer/102/Funimation'}, {'mal_id': 493, 'type': 'anime', 'name': 'Aniplex of America', 'url': 'https://myanimelist.net/anime/producer/493/Aniplex_of_America'}]","[{'mal_id': 4, 'type': 'anime', 'name': 'Bones', 'url': 'https://myanimelist.net/anime/producer/4/Bones'}]","[{'mal_id': 1, 'type': 'anime', 'name': 'Action', 'url': 'https://myanimelist.net/anime/genre/1/Action'}, {'mal_id': 2, 'type': 'anime', 'name': 'Adventure', 'url': 'https://myanimelist.net/anime/genre/2/Adventure'}, {'mal_id': 8, 'type': 'anime', 'name': 'Drama', 'url': 'https://myanimelist.net/anime/genre/8/Drama'}, {'mal_id': 10, 'type': 'anime', 'name': 'Fantasy', 'url': 'https://myanimelist.net/anime/genre/10/Fantasy'}]",[],"[{'mal_id': 38, 'type': 'anime', 'name': 'Military', 'url': 'https://myanimelist.net/anime/genre/38/Military'}]","[{'mal_id': 27, 'type': 'anime', 'name': 'Shounen', 'url': 'https://myanimelist.net/anime/genre/27/Shounen'}]",https://myanimelist.net/images/anime/1208/94745.jpg,https://myanimelist.net/images/anime/1208/94745t.jpg,https://myanimelist.net/images/anime/1208/94745l.jpg,https://myanimelist.net/images/anime/1208/94745.webp,https://myanimelist.net/images/anime/1208/94745t.webp,https://myanimelist.net/images/anime/1208/94745l.webp,,,https://www.youtube-nocookie.com/embed/1ac3_YdSSy0?enablejsapi=1&wmode=opaque&autoplay=1,,,,,,2009-04-05T00:00:00+00:00,2010-07-04T00:00:00+00:00,5,4,2009,4.0,7.0,2010.0,"Apr 5, 2009 to Jul 4, 2010",Sundays,17:00,Asia/Tokyo,Sundays at 17:00 (JST)
57555,https://myanimelist.net/anime/57555/Chainsaw_Man_Movie__Reze-hen,True,"[{'type': 'Default', 'title': 'Chainsaw Man Movie: Reze-hen'}, {'type': 'Synonym', 'title': 'Gekijouban Chainsaw Man: Reze-hen'}, {'type': 'Japanese', 'title': '劇場版 チェンソーマン レゼ篇'}, {'type': 'English', 'title': 'Chainsaw Man – The Movie: Reze Arc'}]",Chainsaw Man Movie: Reze-hen,Chainsaw Man – The Movie: Reze Arc,劇場版 チェンソーマン レゼ篇,['Gekijouban Chainsaw Man: Reze-hen'],Movie,Manga,1.0,Finished Airing,False,1 hr 39 min,R - 17+ (violence & profanity),9.08,297736,4.0,562,468945,13466,"Despite the immediate challenges following becoming a devil hunter with the Public Safety Bureau, Denji has quickly adapted to his new life and responsibilities. As the chaos of Denji's first ordeal with Public Safety settles down, the elite devil hunter Makima decides to take Denji out on a date. Although the date strengthens his affection for Makima and he swears to not fall in love with anyone else, Denji soon finds himself in a tricky situation when he meets a seemingly innocent cafe worker named Reze.

With her forward and flirty demeanor, Reze immediately captures Denji's heart, driving him to frequent the cafe where she works and deepen his relationship with her. However, Denji is completely oblivious to the fact that meeting Reze might have grave consequences beyond simply deciding which woman his heart belongs to. 

[Written by MAL Rewrite]",,,,[],[],"[{'mal_id': 569, 'type': 'anime', 'name': 'MAPPA', 'url': 'https://myanimelist.net/anime/producer/569/MAPPA'}]","[{'mal_id': 1, 'type': 'anime', 'name': 'Action', 'url': 'https://myanimelist.net/anime/genre/1/Action'}, {'mal_id': 10, 'type': 'anime', 'name': 'Fantasy', 'url': 'https://myanimelist.net/anime/genre/10/Fantasy'}]",[],"[{'mal_id': 58, 'type': 'anime', 'name': 'Gore', 'url': 'https://myanimelist.net/anime/genre/58/Gore'}, {'mal_id': 82, 'type': 'anime', 'name': 'Urban Fantasy', 'url': 'https://myanimelist.net/anime/genre/82/Urban_Fantasy'}]","[{'mal_id': 27, 'type': 'anime', 'name': 'Shounen', 'url': 'https://myanimelist.net/anime/genre/27/Shounen'}]",https://myanimelist.net/images/anime/1763/150638.jpg,https://myanimelist.net/images/anime/1763/150638t.jpg,https://myanimelist.net/images/anime/1763/150638l.jpg,https://myanimelist.net/images/anime/1763/150638.webp,https://myanimelist.net/images/anime/1763/150638t.webp,https://myanimelist.net/images/anime/1763/150638l.webp,,,https://www.youtube-nocookie.com/embed/pv8A7eubPQQ?enablejsapi=1&wmode=opaque&autoplay=1,,,,,,2025-09-19T00:00:00+00:00,,19,9,2025,,,,"Sep 19, 2025",,,,
9253,https://myanimelist.net/anime/9253/Steins_Gate,True,"[{'type': 'Default', 'title': 'Steins;Gate'}, {'type': 'Japanese', 'title': 'STEINS;GATE'}, {'type': 'English', 'title': 'Steins;Gate'}]",Steins;Gate,Steins;Gate,STEINS;GATE,[],TV,Visual novel,24.0,Finished Airing,False,24 min per ep,PG-13 - Teens 13 or older,9.07,1520178,5.0,14,2810808,202317,"Eccentric scientist Rintarou Okabe has a never-ending thirst for scientific exploration. Together with his ditzy but well-meaning friend Mayuri Shiina and his roommate Itaru Hashida, Okabe founds the Future Gadget Laboratory in the hopes of creating technological innovations that baffle the human psyche. Despite claims of grandeur, the only notable ""gadget"" the trio have created is a microwave that has the mystifying power to turn bananas into green goo.

However, when Okabe attends a conference on time travel, he experiences a series of strange events that lead him to believe that there is more to the ""Phone Microwave"" gadget than meets the eye. Apparently able to send text messages into the past using the microwave, Okabe dabbles further with the ""time machine,"" attracting the ire and attention of the mysterious organization SERN.

Due to the novel discovery, Okabe and his friends find themselves in an ever-present danger. As he works to mitigate the damage his invention has caused to the timeline, Okabe fights a battle to not only save his loved ones but also to preserve his degrading sanity.

[Written by MAL Rewrite]",Steins;Gate is based on 5pb. and Nitroplus' visual novel of the same title released in 2009. It serves as the second entry in the Science Adventure series.,spring,2011.0,"[{'mal_id': 61, 'type': 'anime', 'name': 'Frontier Works', 'url': 'https://myanimelist.net/anime/producer/61/Frontier_Works'}, {'mal_id': 108, 'type': 'anime', 'name': 'Media Factory', 'url': 'https://myanimelist.net/anime/producer/108/Media_Factory'}, {'mal_id': 113, 'type': 'anime', 'name': 'Kadokawa Shoten', 'url': 'https://myanimelist.net/anime/producer/113/Kadokawa_Shoten'}, {'mal_id': 166, 'type': 'anime', 'name': 'Movic', 'url': 'https://myanimelist.net/anime/producer/166/Movic'}, {'mal_id': 238, 'type': 'anime', 'name': 'AT-X', 'url': 'https://myanimelist.net/anime/producer/238/AT-X'}, {'mal_id': 352, 'type': 'anime', 'name': 'Kadokawa Pictures Japan', 'url': 'https://myanimelist.net/anime/producer/352/Kadokawa_Pictures_Japan'}, {'mal_id': 459, 'type': 'anime', 'name': 'Nitroplus', 'url': 'https://myanimelist.net/anime/producer/459/Nitroplus'}, {'mal_id': 963, 'type': 'anime', 'name': 'MAGES.', 'url': 'https://myanimelist.net/anime/producer/963/MAGES'}]","[{'mal_id': 102, 'type': 'anime', 'name': 'Funimation', 'url': 'https://myanimelist.net/anime/producer/102/Funimation'}]","[{'mal_id': 314, 'type': 'anime', 'name': 'White Fox', 'url': 'https://myanimelist.net/anime/producer/314/White_Fox'}]","[{'mal_id': 8, 'type': 'anime', 'name': 'Drama', 'url': 'https://myanimelist.net/anime/genre/8/Drama'}, {'mal_id': 24, 'type': 'anime', 'name': 'Sci-Fi', 'url': 'https://myanimelist.net/anime/genre/24/Sci-Fi'}, {'mal_id': 41, 'type': 'anime', 'name': 'Suspense', 'url': 'https://myanimelist.net/anime/genre/41/Suspense'}]",[],"[{'mal_id': 40, 'type': 'anime', 'name': 'Psychological', 'url': 'https://myanimelist.net/anime/genre/40/Psychological'}, {'mal_id': 78, 'type': 'anime', 'name': 'Time Travel', 'url': 'https://myanimelist.net/anime/genre/78/Time_Travel'}]",[],https://myanimelist.net/images/anime/1935/127974.jpg,https://myanimelist.net/images/anime/1935/127974t.jpg,https://myanimelist.net/images/anime/1935/127974l.jpg,https://myanimelist.net/images/anime/1935/127974.webp,https://myanimelist.net/images/anime/1935/127974t.webp,https://myanimelist.net/images/anime/1935/127974l.webp,,,https://www.youtube-nocookie.com/embed/27OZc-ku6is?enablejsapi=1&wmode=opaque&autoplay=1,,,,,,2011-04-06T00:00:00+00:00,2011-09-14T00:00:00+00:00,6,4,2011,14.0,9.0,2011.0,"Apr 6, 2011 to Sep 14, 2011",Wednesdays,02:05,Asia/Tokyo,Wednesdays at 02:05 (JST)
38524,https://myanimelist.net/anime/38524/Shingeki_no_Kyojin_Season_3_Part_2,True,"[{'type': 'Default', 'title': 'Shingeki no Kyojin Season 3 Part 2'}, {'type': 'Japanese', 'title': '進撃の巨人 Season3 Part.2'}, {'type': 'English', 'title': 'Attack on Titan Season 3 Part 2'}, {'type': 'German', 'title': 'Attack on Titan Staffel 3 Teil 2'}, {'type': 'Spanish', 'title': 'Ataque a los Titanes Temporada 3 Parte 2'}, {'type': 'French', 'title': ""L'Attaque des Titans Saison 3 Partie 2""}]",Shingeki no Kyojin Season 3 Part 2,Attack on Titan Season 3 Part 2,進撃の巨人 Season3 Part.2,[],TV,Manga,10.0,Finished Airing,False,23 min per ep,R - 17+ (violence & profanity),9.05,1792359,8.0,20,2590064,63195,"Seeking to restore humanity's diminishing hope, the Survey Corps embark on a mission to retake Wall Maria, where the battle against the merciless ""Titans"" takes the stage once again.

Returning to the tattered Shiganshina District that was once his home, Eren Yeager and the Corps find the town oddly unoccupied by Titans. Even after the outer gate is plugged, they strangely encounter no opposition. The mission progresses smoothly until Armin Arlert, highly suspicious of the enemy's absence, discovers distressing signs of a potential scheme against them. 

Shingeki no Kyojin Season 3 Part 2 follows Eren as he vows to take back everything that was once his. Alongside him, the Survey Corps strive—through countless sacrifices—to carve a path towards victory and uncover the secrets locked away in the Yeager family's basement.

[Written by MAL Rewrite]",Shingeki no Kyojin Season 3 Part 2 adapts content from volumes 18-22 of Hajime Isayama's award-winning manga of the same name.,spring,2019.0,"[{'mal_id': 10, 'type': 'anime', 'name': 'Production I.G', 'url': 'https://myanimelist.net/anime/producer/10/Production_IG'}, {'mal_id': 53, 'type': 'anime', 'name': 'Dentsu', 'url': 'https://myanimelist.net/anime/producer/53/Dentsu'}, {'mal_id': 143, 'type': 'anime', 'name': 'Mainichi Broadcasting System', 'url': 'https://myanimelist.net/anime/producer/143/Mainichi_Broadcasting_System'}, {'mal_id': 144, 'type': 'anime', 'name': 'Pony Canyon', 'url': 'https://myanimelist.net/anime/producer/144/Pony_Canyon'}, {'mal_id': 159, 'type': 'anime', 'name': 'Kodansha', 'url': 'https://myanimelist.net/anime/producer/159/Kodansha'}, {'mal_id': 1499, 'type': 'anime', 'name': 'Techno Sound', 'url': 'https://myanimelist.net/anime/producer/1499/Techno_Sound'}, {'mal_id': 1557, 'type': 'anime', 'name': 'Pony Canyon Enterprises', 'url': 'https://myanimelist.net/anime/producer/1557/Pony_Canyon_Enterprises'}]","[{'mal_id': 102, 'type': 'anime', 'name': 'Funimation', 'url': 'https://myanimelist.net/anime/producer/102/Funimation'}]","[{'mal_id': 858, 'type': 'anime', 'name': 'Wit Studio', 'url': 'https://myanimelist.net/anime/producer/858/Wit_Studio'}]","[{'mal_id': 1, 'type': 'anime', 'name': 'Action', 'url': 'https://myanimelist.net/anime/genre/1/Action'}, {'mal_id': 8, 'type': 'anime', 'name': 'Drama', 'url': 'https://myanimelist.net/anime/genre/8/Drama'}, {'mal_id': 41, 'type': 'anime', 'name': 'Suspense', 'url': 'https://myanimelist.net/anime/genre/41/Suspense'}]",[],"[{'mal_id': 58, 'type': 'anime', 'name': 'Gore', 'url': 'https://myanimelist.net/anime/genre/58/Gore'}, {'mal_id': 38, 'type': 'anime', 'name': 'Military', 'url': 'https://myanimelist.net/anime/genre/38/Military'}, {'mal_id': 76, 'type': 'anime', 'name': 'Survival', 'url': 'https://myanimelist.net/anime/genre/76/Survival'}]","[{'mal_id': 27, 'type': 'anime', 'name': 'Shounen', 'url': 'https://myanimelist.net/anime/genre/27/Shounen'}]",https://myanimelist.net/images/anime/1517/100633.jpg,https://myanimelist.net/images/anime/1517/100633t.jpg,https://myanimelist.net/images/anime/1517/100633l.jpg,https://myanimelist.net/images/anime/1517/100633.webp,https://myanimelist.net/images/anime/1517/100633t.webp,https://myanimelist.net/images/anime/1517/100633l.webp,,,https://www.youtube-nocookie.com/embed/hKHepjfj5Tw?enablejsapi=1&wmode=opaque&autoplay=1,,,,,,2019-04-29T00:00:00+00:00,2019-07-01T00:00:00+00:00,29,4,2019,1.0,7.0,2019.0,"Apr 29, 2019 to Jul 1, 2019",Mondays,00:10,Asia/Tokyo,Mondays at 00:10 (JST)
28977,https://myanimelist.net/anime/28977/Gintama°,True,"[{'type': 'Default', 'title': 'Gintama°'}, {'type': 'Synonym', 'title': ""Gintama' (2015)""}, {'type': 'Japanese', 'title': '銀魂°'}, {'type': 'English', 'title': 'Gintama Season 4'}, {'type': 'German', 'title': 'Gintama Season 4'}, {'type': 'Spanish', 'title': 'Gintama Temporada 4'}, {'type': 'French', 'title': 'Gintama Saison 4'}]",Gintama°,Gintama Season 4,銀魂°,"[""Gintama' (2015)""]",TV,Manga,51.0,Finished Airing,False,24 min per ep,PG-13 - Teens 13 or older,9.05,272796,7.0,349,691786,17521,"Gintoki, Shinpachi, and Kagura return as the fun-loving but broke members of the Yorozuya team! Living in an alternate-reality Edo, where swords are prohibited and alien overlords have conquered Japan, they try to thrive on doing whatever work they can get their hands on. However, Shinpachi and Kagura still haven't been paid... Does Gin-chan really spend all that cash playing pachinko?

Meanwhile, when Gintoki drunkenly staggers home one night, an alien spaceship crashes nearby. A fatally injured crew member emerges from the ship and gives Gintoki a strange, clock-shaped device, warning him that it is incredibly powerful and must be safeguarded. Mistaking it for his alarm clock, Gintoki proceeds to smash the device the next morning and suddenly discovers that the world outside his apartment has come to a standstill. With Kagura and Shinpachi at his side, he sets off to get the device fixed; though, as usual, nothing is ever that simple for the Yorozuya team.

Filled with tongue-in-cheek humor and moments of heartfelt emotion, Gintama's fourth season finds Gintoki and his friends facing both their most hilarious misadventures and most dangerous crises yet.

[Written by MAL Rewrite]",,spring,2015.0,"[{'mal_id': 16, 'type': 'anime', 'name': 'TV Tokyo', 'url': 'https://myanimelist.net/anime/producer/16/TV_Tokyo'}, {'mal_id': 17, 'type': 'anime', 'name': 'Aniplex', 'url': 'https://myanimelist.net/anime/producer/17/Aniplex'}, {'mal_id': 53, 'type': 'anime', 'name': 'Dentsu', 'url': 'https://myanimelist.net/anime/producer/53/Dentsu'}]","[{'mal_id': 102, 'type': 'anime', 'name': 'Funimation', 'url': 'https://myanimelist.net/anime/producer/102/Funimation'}, {'mal_id': 1468, 'type': 'anime', 'name': 'Crunchyroll', 'url': 'https://myanimelist.net/anime/producer/1468/Crunchyroll'}]","[{'mal_id': 1258, 'type': 'anime', 'name': 'Bandai Namco Pictures', 'url': 'https://myanimelist.net/anime/producer/1258/Bandai_Namco_Pictures'}]","[{'mal_id': 1, 'type': 'anime', 'name': 'Action', 'url': 'https://myanimelist.net/anime/genre/1/Action'}, {'mal_id': 4, 'type': 'anime', 'name': 'Comedy', 'url': 'https://myanimelist.net/anime/genre/4/Comedy'}, {'mal_id': 24, 'type': 'anime', 'name': 'Sci-Fi', 'url': 'https://myanimelist.net/anime/genre/24/Sci-Fi'}]",[],"[{'mal_id': 57, 'type': 'anime', 'name': 'Gag Humor', 'url': 'https://myanimelist.net/anime/genre/57/Gag_Humor'}, {'mal_id': 13, 'type': 'anime', 'name': 'Historical', 'url': 'https://myanimelist.net/anime/genre/13/Historical'}, {'mal_id': 20, 'type': 'anime', 'name': 'Parody', 'url': 'https://myanimelist.net/anime/genre/20/Parody'}, {'mal_id': 21, 'type': 'anime', 'name': 'Samurai', 'url': 'https://myanimelist.net/anime/genre/21/Samurai'}]","[{'mal_id': 27, 'type': 'anime', 'name': 'Shounen', 'url': 'https://myanimelist.net/anime/genre/27/Shounen'}]",https://myanimelist.net/images/anime/3/72078.jpg,https://myanimelist.net/images/anime/3/72078t.jpg,https://myanimelist.net/images/anime/3/72078l.jpg,https://myanimelist.net/images/anime/3/72078.webp,https://myanimelist.net/images/anime/3/72078t.webp,https://myanimelist.net/images/anime/3/72078l.webp,,,,,,,,,2015-04-08T00:00:00+00:00,2016-03-30T00:00:00+00:00,8,4,2015,30.0,3.0,2016.0,"Apr 8, 2015 to Mar 30, 2016",Wednesdays,18:00,Asia/Tokyo,Wednesdays at 18:00 (JST)
39486,https://myanimelist.net/anime/39486/Gintama__The_Final,True,"[{'type': 'Default', 'title': 'Gintama: The Final'}, {'type': 'Japanese', 'title': '銀魂 THE FINAL'}, {'type': 'English', 'title': 'Gintama: The Very Final'}, {'type': 'German', 'title': 'N/A'}]",Gintama: The Final,Gintama: The Very Final,銀魂 THE FINAL,[],Movie,Manga,1.0,Finished Airing,False,1 hr 44 min,PG-13 - Teens 13 or older,9.05,87269,6.0,1503,184173,4674,"Two years have passed following the Tendoshuu's invasion of the O-Edo Central Terminal. Since then, the Yorozuya have gone their separate ways. Foreseeing Utsuro's return, Gintoki Sakata begins surveying Earth's ley lines for traces of the other man's Altana. After an encounter with the remnants of the Tendoshuu—who continue to press on in search of immortality—Gintoki returns to Edo.

Later, the regrouped Shinsengumi and Yorozuya begin an attack on the occupied Central Terminal. With the Altana harvested by the wreckage of the Tendoshuu's ship in danger of detonating, the Yorozuya and their allies fight their enemies while the safety of Edo—and the rest of the world—hangs in the balance. Fulfilling the wishes of their teacher, Shouyou Yoshida's former students unite and relive their pasts one final time in an attempt to save their futures.

[Written by MAL Rewrite]","As of March 2021, Gintama: The Final has earned a franchise record of 1.85 billion yen (16.94 million USD) and debuted at No. 1 at the Japanese box office. The film concludes the Gintama anime series, adapting chapters 699-704 of the original manga with new story elements.",,,"[{'mal_id': 16, 'type': 'anime', 'name': 'TV Tokyo', 'url': 'https://myanimelist.net/anime/producer/16/TV_Tokyo'}, {'mal_id': 17, 'type': 'anime', 'name': 'Aniplex', 'url': 'https://myanimelist.net/anime/producer/17/Aniplex'}, {'mal_id': 53, 'type': 'anime', 'name': 'Dentsu', 'url': 'https://myanimelist.net/anime/producer/53/Dentsu'}, {'mal_id': 230, 'type': 'anime', 'name': 'Bandai', 'url': 'https://myanimelist.net/anime/producer/230/Bandai'}, {'mal_id': 415, 'type': 'anime', 'name': 'Warner Bros. Japan', 'url': 'https://myanimelist.net/anime/producer/415/Warner_Bros_Japan'}, {'mal_id': 1365, 'type': 'anime', 'name': 'Shueisha', 'url': 'https://myanimelist.net/anime/producer/1365/Shueisha'}]","[{'mal_id': 531, 'type': 'anime', 'name': 'Eleven Arts', 'url': 'https://myanimelist.net/anime/producer/531/Eleven_Arts'}]","[{'mal_id': 1258, 'type': 'anime', 'name': 'Bandai Namco Pictures', 'url': 'https://myanimelist.net/anime/producer/1258/Bandai_Namco_Pictures'}]","[{'mal_id': 1, 'type': 'anime', 'name': 'Action', 'url': 'https://myanimelist.net/anime/genre/1/Action'}, {'mal_id': 4, 'type': 'anime', 'name': 'Comedy', 'url': 'https://myanimelist.net/anime/genre/4/Comedy'}, {'mal_id': 8, 'type': 'anime', 'name': 'Drama', 'url': 'https://myanimelist.net/anime/genre/8/Drama'}, {'mal_id': 24, 'type': 'anime', 'name': 'Sci-Fi', 'url': 'https://myanimelist.net/anime/genre/24/Sci-Fi'}]",[],"[{'mal_id': 57, 'type': 'anime', 'name': 'Gag Humor', 'url': 'https://myanimelist.net/anime/genre/57/Gag_Humor'}, {'mal_id': 13, 'type': 'anime', 'name': 'Historical', 'url': 'https://myanimelist.net/anime/genre/13/Historical'}, {'mal_id': 20, 'type': 'anime', 'name': 'Parody', 'url': 'https://myanimelist.net/anime/genre/20/Parody'}, {'mal_id': 21, 'type': 'anime', 'name': 'Samurai', 'url': 'https://myanimelist.net/anime/genre/21/Samurai'}]","[{'mal_id': 27, 'type': 'anime', 'name': 'Shounen', 'url': 'https://myanimelist.net/anime/genre/27/Shounen'}]",https://myanimelist.net/images/anime/1245/116760.jpg,https://myanimelist.net/images/anime/1245/116760t.jpg,https://myanimelist.net/images/anime/1245/116760l.jpg,https://myanimelist.net/images/anime/1245/116760.webp,https://myanimelist.net/images/anime/1245/116760t.webp,https://myanimelist.net/images/anime/1245/116760l.webp,,,https://www.youtube-nocookie.com/embed/Zn1filVUyf8?enablejsapi=1&wmode=opaque&autoplay=1,,,,,,2021-01-08T00:00:00+00:00,,8,1,2021,,,,"Jan 8, 2021",,,,
11061,https://myanimelist.net/anime/11061/Hunter_x_Hunter_2011,True,"[{'type': 'Default', 'title': 'Hunter x Hunter (2011)'}, {'type': 'Synonym', 'title': 'HxH (2011)'}, {'type': 'Japanese', 'title': 'HUNTER×HUNTER（ハンター×ハンター）'}, {'type': 'English', 'title': 'Hunter x Hunter'}, {'type': 'German', 'title': 'Hunter x Hunter'}, {'type': 'Spanish', 'title': 'Hunter x Hunter'}, {'type': 'French', 'title': 'Hunter X Hunter'}]",Hunter x Hunter (2011),Hunter x Hunter,HUNTER×HUNTER（ハンター×ハンター）,['HxH (2011)'],TV,Manga,148.0,Finished Airing,False,23 min per ep,PG-13 - Teens 13 or older,9.03,1978491,9.0,8,3185237,229155,"Hunters devote themselves to accomplishing hazardous tasks, all from traversing the world's uncharted territories to locating rare items and monsters. Before becoming a Hunter, one must pass the Hunter Examination—a high-risk selection process in which most applicants end up handicapped or worse, deceased.

Ambitious participants who challenge the notorious exam carry their own reason. What drives 12-year-old Gon Freecss is finding Ging, his father and a Hunter himself. Believing that he will meet his father by becoming a Hunter, Gon takes the first step to walk the same path.

During the Hunter Examination, Gon befriends the medical student Leorio Paladiknight, the vindictive Kurapika, and ex-assassin Killua Zoldyck. While their motives vastly differ from each other, they band together for a common goal and begin to venture into a perilous world.

[Written by MAL Rewrite]",,fall,2011.0,"[{'mal_id': 29, 'type': 'anime', 'name': 'VAP', 'url': 'https://myanimelist.net/anime/producer/29/VAP'}, {'mal_id': 1003, 'type': 'anime', 'name': 'Nippon Television Network', 'url': 'https://myanimelist.net/anime/producer/1003/Nippon_Television_Network'}, {'mal_id': 1365, 'type': 'anime', 'name': 'Shueisha', 'url': 'https://myanimelist.net/anime/producer/1365/Shueisha'}]","[{'mal_id': 119, 'type': 'anime', 'name': 'VIZ Media', 'url': 'https://myanimelist.net/anime/producer/119/VIZ_Media'}]","[{'mal_id': 11, 'type': 'anime', 'name': 'Madhouse', 'url': 'https://myanimelist.net/anime/producer/11/Madhouse'}]","[{'mal_id': 1, 'type': 'anime', 'name': 'Action', 'url': 'https://myanimelist.net/anime/genre/1/Action'}, {'mal_id': 2, 'type': 'anime', 'name': 'Adventure', 'url': 'https://myanimelist.net/anime/genre/2/Adventure'}, {'mal_id': 10, 'type': 'anime', 'name': 'Fantasy', 'url': 'https://myanimelist.net/anime/genre/10/Fantasy'}]",[],[],"[{'mal_id': 27, 'type': 'anime', 'name': 'Shounen', 'url': 'https://myanimelist.net/anime/genre/27/Shounen'}]",https://myanimelist.net/images/anime/1337/99013.jpg,https://myanimelist.net/images/anime/1337/99013t.jpg,https://myanimelist.net/images/anime/1337/99013l.jpg,https://myanimelist.net/images/anime/1337/99013.webp,https://myanimelist.net/images/anime/1337/99013t.webp,https://myanimelist.net/images/anime/1337/99013l.webp,,,https://www.youtube-nocookie.com/embed/D9iTQRB4XRk?enablejsapi=1&wmode=opaque&autoplay=1,,,,,,2011-10-02T00:00:00+00:00,2014-09-24T00:00:00+00:00,2,10,2011,24.0,9.0,2014.0,"Oct 2, 2011 to Sep 24, 2014",Sundays,10:55,Asia/Tokyo,Sundays at 10:55 (JST)
60022,https://myanimelist.net/anime/60022/One_Piece_Fan_Letter,True,"[{'type': 'Default', 'title': 'One Piece Fan Letter'}, {'type': 'Japanese', 'title': 'ONE PIECE FAN LETTER'}]",One Piece Fan Letter,,ONE PIECE FAN LETTER,[],TV Special,Light novel,1.0,Finished Airing,False,24 min,PG-13 - Teens 13 or older,9.02,111429,13.0,1729,154717,2575,"Although the golden age of piracy is about to reach new heights, most people do not seek the glory of finding the elusive One Piece—a treasure signifying a new conqueror of all seas that was once embodied by the legendary King of the Pirates, Gol D. Roger. However, even if civilians generally despise pirates, they secretly cheer for at least one of them. 

One red-headed girl from Sabaody Archipelago is no exception: She reveres Nami, the ingenious female navigator of Monkey D. Luffy's Straw Hat crew. Determined to deliver a fan letter to her idol, the Sabaody child is prepared to challenge forces of authority who strive to prevent Luffy and his friends from departing for their next destination: the New World. But to succeed, Nami's fan may need to risk her life and interfere with the Marines' plans, potentially causing devastating consequences for the wider world.

[Written by MAL Rewrite]",This work serves to commemorate the 25th anniversary of the One Piece anime.,,,[],[],"[{'mal_id': 18, 'type': 'anime', 'name': 'Toei Animation', 'url': 'https://myanimelist.net/anime/producer/18/Toei_Animation'}]","[{'mal_id': 1, 'type': 'anime', 'name': 'Action', 'url': 'https://myanimelist.net/anime/genre/1/Action'}, {'mal_id': 2, 'type': 'anime', 'name': 'Adventure', 'url': 'https://myanimelist.net/anime/genre/2/Adventure'}, {'mal_id': 10, 'type': 'anime', 'name': 'Fantasy', 'url': 'https://myanimelist.net/anime/genre/10/Fantasy'}]",[],[],"[{'mal_id': 27, 'type': 'anime', 'name': 'Shounen', 'url': 'https://myanimelist.net/anime/genre/27/Shounen'}]",https://myanimelist.net/images/anime/1455/146229.jpg,https://myanimelist.net/images/anime/1455/146229t.jpg,https://myanimelist.net/images/anime/1455/146229l.jpg,https://myanimelist.net/images/anime/1455/146229.webp,https://myanimelist.net/images/anime/1455/146229t.webp,https://myanimelist.net/images/anime/1455/146229l.webp,,,https://www.youtube-nocookie.com/embed/MewJ5bEM-5U?enablejsapi=1&wmode=opaque&autoplay=1,,,,,,2024-10-20T00:00:00+00:00,,20,10,2024,,,,"Oct 20, 2024",,,,
9969,https://myanimelist.net/anime/9969/Gintama,True,"[{'type': 'Default', 'title': ""Gintama'""}, {'type': 'Synonym', 'title': 'Gintama (2011)'}, {'type': 'Japanese', 'title': ""銀魂'""}, {'type': 'English', 'title': 'Gintama Season 2'}, {'type': 'German', 'title': 'Gintama Staffel 2'}, {'type': 'Spanish', 'title': 'Gintama Temporada 2'}, {'type': 'French', 'title': 'Gintama Saison 2'}]",Gintama',Gintama Season 2,銀魂',['Gintama (2011)'],TV,Manga,51.0,Finished Airing,False,24 min per ep,PG-13 - Teens 13 or older,9.02,257936,11.0,407,614096,8614,"After a one-year hiatus, Shinpachi Shimura returns to Edo, only to stumble upon a shocking surprise: Gintoki and Kagura, his fellow Yorozuya members, have become completely different characters! Fleeing from the Yorozuya headquarters in confusion, Shinpachi finds that all the denizens of Edo have undergone impossibly extreme changes, in both appearance and personality. Most unbelievably, his sister Otae has married the Shinsengumi chief and shameless stalker Isao Kondou and is pregnant with their first child.

Bewildered, Shinpachi agrees to join the Shinsengumi at Otae and Kondou's request and finds even more startling transformations afoot both in and out of the ranks of the the organization. However, discovering that Vice Chief Toushirou Hijikata has remained unchanged, Shinpachi and his unlikely Shinsengumi ally set out to return the city of Edo to how they remember it.

With even more dirty jokes, tongue-in-cheek parodies, and shameless references, Gintama' follows the Yorozuya team through more of their misadventures in the vibrant, alien-filled world of Edo.

[Written by MAL Rewrite]",,spring,2011.0,"[{'mal_id': 16, 'type': 'anime', 'name': 'TV Tokyo', 'url': 'https://myanimelist.net/anime/producer/16/TV_Tokyo'}, {'mal_id': 17, 'type': 'anime', 'name': 'Aniplex', 'url': 'https://myanimelist.net/anime/producer/17/Aniplex'}, {'mal_id': 53, 'type': 'anime', 'name': 'Dentsu', 'url': 'https://myanimelist.net/anime/producer/53/Dentsu'}, {'mal_id': 643, 'type': 'anime', 'name': 'Trinity Sound', 'url': 'https://myanimelist.net/anime/producer/643/Trinity_Sound'}, {'mal_id': 763, 'type': 'anime', 'name': 'Miracle Robo', 'url': 'https://myanimelist.net/anime/producer/763/Miracle_Robo'}, {'mal_id': 1365, 'type': 'anime', 'name': 'Shueisha', 'url': 'https://myanimelist.net/anime/producer/1365/Shueisha'}]",[],"[{'mal_id': 14, 'type': 'anime', 'name': 'Sunrise', 'url': 'https://myanimelist.net/anime/producer/14/Sunrise'}]","[{'mal_id': 1, 'type': 'anime', 'name': 'Action', 'url': 'https://myanimelist.net/anime/genre/1/Action'}, {'mal_id': 4, 'type': 'anime', 'name': 'Comedy', 'url': 'https://myanimelist.net/anime/genre/4/Comedy'}, {'mal_id': 24, 'type': 'anime', 'name': 'Sci-Fi', 'url': 'https://myanimelist.net/anime/genre/24/Sci-Fi'}]",[],"[{'mal_id': 57, 'type': 'anime', 'name': 'Gag Humor', 'url': 'https://myanimelist.net/anime/genre/57/Gag_Humor'}, {'mal_id': 13, 'type': 'anime', 'name': 'Historical', 'url': 'https://myanimelist.net/anime/genre/13/Historical'}, {'mal_id': 20, 'type': 'anime', 'name': 'Parody', 'url': 'https://myanimelist.net/anime/genre/20/Parody'}, {'mal_id': 21, 'type': 'anime', 'name': 'Samurai', 'url': 'https://myanimelist.net/anime/genre/21/Samurai'}]","[{'mal_id': 27, 'type': 'anime', 'name': 'Shounen', 'url': 'https://myanimelist.net/anime/genre/27/Shounen'}]",https://myanimelist.net/images/anime/4/50361.jpg,https://myanimelist.net/images/anime/4/50361t.jpg,https://myanimelist.net/images/anime/4/50361l.jpg,https://myanimelist.net/images/anime/4/50361.webp,https://myanimelist.net/images/anime/4/50361t.webp,https://myanimelist.net/images/anime/4/50361l.webp,,,,,,,,,2011-04-04T00:00:00+00:00,2012-03-26T00:00:00+00:00,4,4,2011,26.0,3.0,2012.0,"Apr 4, 2011 to Mar 26, 2012",Mondays,18:00,Asia/Tokyo,Mondays at 18:00 (JST)
15417,https://myanimelist.net/anime/15417/Gintama__Enchousen,True,"[{'type': 'Default', 'title': ""Gintama': Enchousen""}, {'type': 'Synonym', 'title': ""Gintama' (2012)""}, {'type': 'Synonym', 'title': ""Gintama' Overdrive""}, {'type': 'Synonym', 'title': 'Kintama'}, {'type': 'Synonym', 'title': 'Gintama Season 3'}, {'type': 'Japanese', 'title': ""銀魂' 延長戦""}, {'type': 'English', 'title': 'Gintama: Enchousen'}]",Gintama': Enchousen,Gintama: Enchousen,銀魂' 延長戦,"[""Gintama' (2012)"", ""Gintama' Overdrive"", 'Kintama', 'Gintama Season 3']",TV,Manga,13.0,Finished Airing,False,24 min per ep,PG-13 - Teens 13 or older,9.02,179481,12.0,763,358267,3184,"While Gintoki Sakata was away, the Yorozuya found themselves a new leader: Kintoki, Gintoki's golden-haired doppelganger. In order to regain his former position, Gintoki will need the help of those around him, a troubling feat when no one can remember him! Between Kintoki and Gintoki, who will claim the throne as the main character?

In addition, Yorozuya make a trip back down to red-light district of Yoshiwara to aid an elderly courtesan in her search for her long-lost lover. Although the district is no longer in chains beneath the earth's surface, the trio soon learn of the tragic backstories of Yoshiwara's inhabitants that still haunt them. With flashback after flashback, this quest has Yorozuya witnessing everlasting love and protecting it as best they can with their hearts and souls.

[Written by MAL Rewrite]",,fall,2012.0,"[{'mal_id': 16, 'type': 'anime', 'name': 'TV Tokyo', 'url': 'https://myanimelist.net/anime/producer/16/TV_Tokyo'}, {'mal_id': 17, 'type': 'anime', 'name': 'Aniplex', 'url': 'https://myanimelist.net/anime/producer/17/Aniplex'}, {'mal_id': 53, 'type': 'anime', 'name': 'Dentsu', 'url': 'https://myanimelist.net/anime/producer/53/Dentsu'}, {'mal_id': 1365, 'type': 'anime', 'name': 'Shueisha', 'url': 'https://myanimelist.net/anime/producer/1365/Shueisha'}, {'mal_id': 1406, 'type': 'anime', 'name': 'Miracle Bus', 'url': 'https://myanimelist.net/anime/producer/1406/Miracle_Bus'}]",[],"[{'mal_id': 14, 'type': 'anime', 'name': 'Sunrise', 'url': 'https://myanimelist.net/anime/producer/14/Sunrise'}]","[{'mal_id': 1, 'type': 'anime', 'name': 'Action', 'url': 'https://myanimelist.net/anime/genre/1/Action'}, {'mal_id': 4, 'type': 'anime', 'name': 'Comedy', 'url': 'https://myanimelist.net/anime/genre/4/Comedy'}, {'mal_id': 24, 'type': 'anime', 'name': 'Sci-Fi', 'url': 'https://myanimelist.net/anime/genre/24/Sci-Fi'}]",[],"[{'mal_id': 57, 'type': 'anime', 'name': 'Gag Humor', 'url': 'https://myanimelist.net/anime/genre/57/Gag_Humor'}, {'mal_id': 13, 'type': 'anime', 'name': 'Historical', 'url': 'https://myanimelist.net/anime/genre/13/Historical'}, {'mal_id': 20, 'type': 'anime', 'name': 'Parody', 'url': 'https://myanimelist.net/anime/genre/20/Parody'}, {'mal_id': 21, 'type': 'anime', 'name': 'Samurai', 'url': 'https://myanimelist.net/anime/genre/21/Samurai'}]","[{'mal_id': 27, 'type': 'anime', 'name': 'Shounen', 'url': 'https://myanimelist.net/anime/genre/27/Shounen'}]",https://myanimelist.net/images/anime/1452/123686.jpg,https://myanimelist.net/images/anime/1452/123686t.jpg,https://myanimelist.net/images/anime/1452/123686l.jpg,https://myanimelist.net/images/anime/1452/123686.webp,https://myanimelist.net/images/anime/1452/123686t.webp,https://myanimelist.net/images/anime/1452/123686l.webp,,,,,,,,,2012-10-04T00:00:00+00:00,2013-03-28T00:00:00+00:00,4,10,2012,28.0,3.0,2013.0,"Oct 4, 2012 to Mar 28, 2013",Thursdays,18:00,Asia/Tokyo,Thursdays at 18:00 (JST)
820,https://myanimelist.net/anime/820/Ginga_Eiyuu_Densetsu,True,"[{'type': 'Default', 'title': 'Ginga Eiyuu Densetsu'}, {'type': 'Synonym', 'title': 'LoGH'}, {'type': 'Synonym', 'title': 'LotGH'}, {'type': 'Synonym', 'title': ""Gin'eiden""}, {'type': 'Synonym', 'title': 'GinEiDen'}, {'type': 'Synonym', 'title': 'Heldensagen Vom Kosmosinsel'}, {'type': 'Japanese', 'title': '銀河英雄伝説'}, {'type': 'English', 'title': 'Legend of the Galactic Heroes'}, {'type': 'French', 'title': 'Les Héros de la Galaxie'}]",Ginga Eiyuu Densetsu,Legend of the Galactic Heroes,銀河英雄伝説,"['LoGH', 'LotGH', ""Gin'eiden"", 'GinEiDen', 'Heldensagen Vom Kosmosinsel']",OVA,Novel,110.0,Finished Airing,False,26 min per ep,R - 17+ (violence & profanity),9.02,88000,10.0,757,363087,17830,"The 150-year-long stalemate between the two interstellar superpowers, the Galactic Empire and the Free Planets Alliance, comes to an end when a new generation of leaders arises: the idealistic military genius Reinhard von Lohengramm, and the FPA's reserved historian, Yang Wenli.

While Reinhard climbs the ranks of the Empire with the aid of his childhood friend, Siegfried Kircheis, he must fight not only the war, but also the remnants of the crumbling Goldenbaum Dynasty in order to free his sister from the Kaiser and unify humanity under one genuine ruler. Meanwhile, on the other side of the galaxy, Yang—a strong supporter of democratic ideals—has to stand firm in his beliefs, despite the struggles of the FPA, and show his pupil, Julian Mintz, that autocracy is not the solution.

As ideologies clash amidst the war's many casualties, the two strategic masterminds must ask themselves what the real reason behind their battle is.

[Written by MAL Rewrite]","Legend of the Galactic Heroes was adapted from a series of ten novels, published 1982–87, by Yoshiki Tanaka. The novels won the Seiun Award for the best long-form Japanese science fiction in 1988. At the start of its production the anime was distributed through a subscription system in which episodes were mailed to existing fans of the novels. It was made in four separate tranches over nearly a decade, with the production of side-stories continuing for several further years. The main series has the largest voice cast of any anime, with well over 300 voice actors, and it is the longest OVA series ever made. The novels have also been adapted into a manga, a stage musical by the Takarazuka Revue and a number of games.",,,"[{'mal_id': 16, 'type': 'anime', 'name': 'TV Tokyo', 'url': 'https://myanimelist.net/anime/producer/16/TV_Tokyo'}, {'mal_id': 99, 'type': 'anime', 'name': 'Kitty Films', 'url': 'https://myanimelist.net/anime/producer/99/Kitty_Films'}, {'mal_id': 382, 'type': 'anime', 'name': 'Tokuma Shoten', 'url': 'https://myanimelist.net/anime/producer/382/Tokuma_Shoten'}, {'mal_id': 1493, 'type': 'anime', 'name': 'Tokuma Japan Communications', 'url': 'https://myanimelist.net/anime/producer/1493/Tokuma_Japan_Communications'}, {'mal_id': 2434, 'type': 'anime', 'name': 'Wright Staff', 'url': 'https://myanimelist.net/anime/producer/2434/Wright_Staff'}]","[{'mal_id': 376, 'type': 'anime', 'name': 'Sentai Filmworks', 'url': 'https://myanimelist.net/anime/producer/376/Sentai_Filmworks'}]","[{'mal_id': 1269, 'type': 'anime', 'name': 'K-Factory', 'url': 'https://myanimelist.net/anime/producer/1269/K-Factory'}, {'mal_id': 2256, 'type': 'anime', 'name': 'Kitty Film Mitaka Studio', 'url': 'https://myanimelist.net/anime/producer/2256/Kitty_Film_Mitaka_Studio'}]","[{'mal_id': 8, 'type': 'anime', 'name': 'Drama', 'url': 'https://myanimelist.net/anime/genre/8/Drama'}, {'mal_id': 24, 'type': 'anime', 'name': 'Sci-Fi', 'url': 'https://myanimelist.net/anime/genre/24/Sci-Fi'}]",[],"[{'mal_id': 50, 'type': 'anime', 'name': 'Adult Cast', 'url': 'https://myanimelist.net/anime/genre/50/Adult_Cast'}, {'mal_id': 38, 'type': 'anime', 'name': 'Military', 'url': 'https://myanimelist.net/anime/genre/38/Military'}, {'mal_id': 29, 'type': 'anime', 'name': 'Space', 'url': 'https://myanimelist.net/anime/genre/29/Space'}]",[],https://myanimelist.net/images/anime/1976/142016.jpg,https://myanimelist.net/images/anime/1976/142016t.jpg,https://myanimelist.net/images/anime/1976/142016l.jpg,https://myanimelist.net/images/anime/1976/142016.webp,https://myanimelist.net/images/anime/1976/142016t.webp,https://myanimelist.net/images/anime/1976/142016l.webp,,,https://www.youtube-nocookie.com/embed/Ou37P25tjJY?enablejsapi=1&wmode=opaque&autoplay=1,,,,,,1988-01-08T00:00:00+00:00,1997-03-17T00:00:00+00:00,8,1,1988,17.0,3.0,1997.0,"Jan 8, 1988 to Mar 17, 1997",,,,
34096,https://myanimelist.net/anime/34096/Gintama,True,"[{'type': 'Default', 'title': 'Gintama.'}, {'type': 'Synonym', 'title': 'Gintama (2017)'}, {'type': 'Japanese', 'title': '銀魂。'}, {'type': 'English', 'title': 'Gintama Season 5'}]",Gintama.,Gintama Season 5,銀魂。,['Gintama (2017)'],TV,Manga,12.0,Finished Airing,False,24 min per ep,PG-13 - Teens 13 or older,8.98,160367,15.0,788,348982,2844,"After joining the resistance against the bakufu, Gintoki and the gang are in hiding, along with Katsura and his Joui rebels. The Yorozuya is soon approached by Nobume Imai and two members of the Kiheitai, who explain that the Harusame pirates have turned against 7th Division Captain Kamui and their former ally Takasugi. The Kiheitai present Gintoki with a job: find Takasugi, who has been missing since his ship was ambushed in a Harusame raid. Nobume also makes a stunning revelation regarding the Tendoushuu, a secret organization pulling the strings of numerous factions, and their leader Utsuro, the shadowy figure with an uncanny resemblance to Gintoki's former teacher.

Hitching a ride on Sakamoto's space ship, the Yorozuya and Katsura set out for Rakuyou, Kagura's home planet, where the various factions have gathered and tensions are brewing. Long-held grudges, political infighting, and the Tendoushuu's sinister overarching plan finally culminate into a massive, decisive battle on Rakuyou.

[Written by MAL Rewrite]",,winter,2017.0,"[{'mal_id': 16, 'type': 'anime', 'name': 'TV Tokyo', 'url': 'https://myanimelist.net/anime/producer/16/TV_Tokyo'}, {'mal_id': 17, 'type': 'anime', 'name': 'Aniplex', 'url': 'https://myanimelist.net/anime/producer/17/Aniplex'}, {'mal_id': 53, 'type': 'anime', 'name': 'Dentsu', 'url': 'https://myanimelist.net/anime/producer/53/Dentsu'}, {'mal_id': 1365, 'type': 'anime', 'name': 'Shueisha', 'url': 'https://myanimelist.net/anime/producer/1365/Shueisha'}]",[],"[{'mal_id': 1258, 'type': 'anime', 'name': 'Bandai Namco Pictures', 'url': 'https://myanimelist.net/anime/producer/1258/Bandai_Namco_Pictures'}]","[{'mal_id': 1, 'type': 'anime', 'name': 'Action', 'url': 'https://myanimelist.net/anime/genre/1/Action'}, {'mal_id': 4, 'type': 'anime', 'name': 'Comedy', 'url': 'https://myanimelist.net/anime/genre/4/Comedy'}, {'mal_id': 24, 'type': 'anime', 'name': 'Sci-Fi', 'url': 'https://myanimelist.net/anime/genre/24/Sci-Fi'}]",[],"[{'mal_id': 57, 'type': 'anime', 'name': 'Gag Humor', 'url': 'https://myanimelist.net/anime/genre/57/Gag_Humor'}, {'mal_id': 13, 'type': 'anime', 'name': 'Historical', 'url': 'https://myanimelist.net/anime/genre/13/Historical'}, {'mal_id': 20, 'type': 'anime', 'name': 'Parody', 'url': 'https://myanimelist.net/anime/genre/20/Parody'}, {'mal_id': 21, 'type': 'anime', 'name': 'Samurai', 'url': 'https://myanimelist.net/anime/genre/21/Samurai'}]","[{'mal_id': 27, 'type': 'anime', 'name': 'Shounen', 'url': 'https://myanimelist.net/anime/genre/27/Shounen'}]",https://myanimelist.net/images/anime/3/83528.jpg,https://myanimelist.net/images/anime/3/83528t.jpg,https://myanimelist.net/images/anime/3/83528l.jpg,https://myanimelist.net/images/anime/3/83528.webp,https://myanimelist.net/images/anime/3/83528t.webp,https://myanimelist.net/images/anime/3/83528l.webp,,,https://www.youtube-nocookie.com/embed/LOdAAEJiebM?enablejsapi=1&wmode=opaque&autoplay=1,,,,,,2017-01-09T00:00:00+00:00,2017-03-27T00:00:00+00:00,9,1,2017,27.0,3.0,2017.0,"Jan 9, 2017 to Mar 27, 2017",Mondays,01:35,Asia/Tokyo,Mondays at 01:35 (JST)
41467,https://myanimelist.net/anime/41467/Bleach__Sennen_Kessen-hen,True,"[{'type': 'Default', 'title': 'Bleach: Sennen Kessen-hen'}, {'type': 'Synonym', 'title': 'Bleach: Thousand-Year Blood War Arc'}, {'type': 'Japanese', 'title': 'BLEACH 千年血戦篇'}, {'type': 'English', 'title': 'Bleach: Thousand-Year Blood War'}]",Bleach: Sennen Kessen-hen,Bleach: Thousand-Year Blood War,BLEACH 千年血戦篇,['Bleach: Thousand-Year Blood War Arc'],TV,Manga,13.0,Finished Airing,False,24 min per ep,R - 17+ (violence & profanity),8.98,381446,14.0,336,704868,23178,"Substitute Soul Reaper Ichigo Kurosaki spends his days fighting against Hollows, dangerous evil spirits that threaten Karakura Town. Ichigo carries out his quest with his closest allies: Orihime Inoue, his childhood friend with a talent for healing; Yasutora Sado, his high school classmate with superhuman strength; and Uryuu Ishida, Ichigo's Quincy rival.

Ichigo's vigilante routine is disrupted by the sudden appearance of Asguiaro Ebern, a dangerous Arrancar who heralds the return of Yhwach, an ancient Quincy king. Yhwach seeks to reignite the historic blood feud between Soul Reaper and Quincy, and he sets his sights on erasing both the human world and the Soul Society for good.

Yhwach launches a two-pronged invasion into both the Soul Society and Hueco Mundo, the home of Hollows and Arrancar. In retaliation, Ichigo and his friends must fight alongside old allies and enemies alike to end Yhwach's campaign of carnage before the world itself comes to an end.

[Written by MAL Rewrite]","Bleach: Sennen Kessen-hen adapts volume 55 to volume 61 of the original manga. It was released on Blu-ray on April 26, 2023.",fall,2022.0,"[{'mal_id': 16, 'type': 'anime', 'name': 'TV Tokyo', 'url': 'https://myanimelist.net/anime/producer/16/TV_Tokyo'}, {'mal_id': 17, 'type': 'anime', 'name': 'Aniplex', 'url': 'https://myanimelist.net/anime/producer/17/Aniplex'}, {'mal_id': 53, 'type': 'anime', 'name': 'Dentsu', 'url': 'https://myanimelist.net/anime/producer/53/Dentsu'}, {'mal_id': 1365, 'type': 'anime', 'name': 'Shueisha', 'url': 'https://myanimelist.net/anime/producer/1365/Shueisha'}]","[{'mal_id': 119, 'type': 'anime', 'name': 'VIZ Media', 'url': 'https://myanimelist.net/anime/producer/119/VIZ_Media'}]","[{'mal_id': 1, 'type': 'anime', 'name': 'Studio Pierrot', 'url': 'https://myanimelist.net/anime/producer/1/Studio_Pierrot'}]","[{'mal_id': 1, 'type': 'anime', 'name': 'Action', 'url': 'https://myanimelist.net/anime/genre/1/Action'}, {'mal_id': 2, 'type': 'anime', 'name': 'Adventure', 'url': 'https://myanimelist.net/anime/genre/2/Adventure'}, {'mal_id': 37, 'type': 'anime', 'name': 'Supernatural', 'url': 'https://myanimelist.net/anime/genre/37/Supernatural'}]",[],[],"[{'mal_id': 27, 'type': 'anime', 'name': 'Shounen', 'url': 'https://myanimelist.net/anime/genre/27/Shounen'}]",https://myanimelist.net/images/anime/1908/135431.jpg,https://myanimelist.net/images/anime/1908/135431t.jpg,https://myanimelist.net/images/anime/1908/135431l.jpg,https://myanimelist.net/images/anime/1908/135431.webp,https://myanimelist.net/images/anime/1908/135431t.webp,https://myanimelist.net/images/anime/1908/135431l.webp,,,https://www.youtube-nocookie.com/embed/e8YBesRKq_U?enablejsapi=1&wmode=opaque&autoplay=1,,,,,,2022-10-11T00:00:00+00:00,2022-12-27T00:00:00+00:00,11,10,2022,27.0,12.0,2022.0,"Oct 11, 2022 to Dec 27, 2022",Tuesdays,00:00,Asia/Tokyo,Tuesdays at 00:00 (JST)
43608,https://myanimelist.net/anime/43608/Kaguya-sama_wa_Kokurasetai__Ultra_Romantic,True,"[{'type': 'Default', 'title': 'Kaguya-sama wa Kokurasetai: Ultra Romantic'}, {'type': 'Synonym', 'title': 'Kaguya-sama wa Kokurasetai: Tensai-tachi no Renai Zunousen 3rd Season'}, {'type': 'Synonym', 'title': 'Kaguya-sama: Love is War Season 3rd Season'}, {'type': 'Japanese', 'title': 'かぐや様は告らせたい-ウルトラロマンティック-'}, {'type': 'English', 'title': 'Kaguya-sama: Love is War -Ultra Romantic-'}]",Kaguya-sama wa Kokurasetai: Ultra Romantic,Kaguya-sama: Love is War -Ultra Romantic-,かぐや様は告らせたい-ウルトラロマンティック-,"['Kaguya-sama wa Kokurasetai: Tensai-tachi no Renai Zunousen 3rd Season', 'Kaguya-sama: Love is War Season 3rd Season']",TV,Manga,13.0,Finished Airing,False,23 min per ep,PG-13 - Teens 13 or older,8.96,635370,16.0,165,1110707,33191,"The elite members of Shuchiin Academy's student council continue their competitive day-to-day antics. Council president Miyuki Shirogane clashes daily against vice-president Kaguya Shinomiya, each fighting tooth and nail to trick the other into confessing their romantic love. Kaguya struggles within the strict confines of her wealthy, uptight family, rebelling against her cold default demeanor as she warms to Shirogane and the rest of her friends.

Meanwhile, council treasurer Yuu Ishigami suffers under the weight of his hopeless crush on Tsubame Koyasu, a popular upperclassman who helps to instill a new confidence in him. Miko Iino, the newest student council member, grows closer to the rule-breaking Ishigami while striving to overcome her own authoritarian moral code.

As love further blooms at Shuchiin Academy, the student council officers drag their outsider friends into increasingly comedic conflicts.

[Written by MAL Rewrite]",,spring,2022.0,"[{'mal_id': 17, 'type': 'anime', 'name': 'Aniplex', 'url': 'https://myanimelist.net/anime/producer/17/Aniplex'}, {'mal_id': 143, 'type': 'anime', 'name': 'Mainichi Broadcasting System', 'url': 'https://myanimelist.net/anime/producer/143/Mainichi_Broadcasting_System'}, {'mal_id': 306, 'type': 'anime', 'name': 'Magic Capsule', 'url': 'https://myanimelist.net/anime/producer/306/Magic_Capsule'}, {'mal_id': 1365, 'type': 'anime', 'name': 'Shueisha', 'url': 'https://myanimelist.net/anime/producer/1365/Shueisha'}, {'mal_id': 1501, 'type': 'anime', 'name': 'JR East Marketing & Communications', 'url': 'https://myanimelist.net/anime/producer/1501/JR_East_Marketing___Communications'}]","[{'mal_id': 493, 'type': 'anime', 'name': 'Aniplex of America', 'url': 'https://myanimelist.net/anime/producer/493/Aniplex_of_America'}]","[{'mal_id': 56, 'type': 'anime', 'name': 'A-1 Pictures', 'url': 'https://myanimelist.net/anime/producer/56/A-1_Pictures'}]","[{'mal_id': 4, 'type': 'anime', 'name': 'Comedy', 'url': 'https://myanimelist.net/anime/genre/4/Comedy'}, {'mal_id': 22, 'type': 'anime', 'name': 'Romance', 'url': 'https://myanimelist.net/anime/genre/22/Romance'}]",[],"[{'mal_id': 23, 'type': 'anime', 'name': 'School', 'url': 'https://myanimelist.net/anime/genre/23/School'}]","[{'mal_id': 42, 'type': 'anime', 'name': 'Seinen', 'url': 'https://myanimelist.net/anime/genre/42/Seinen'}]",https://myanimelist.net/images/anime/1160/122627.jpg,https://myanimelist.net/images/anime/1160/122627t.jpg,https://myanimelist.net/images/anime/1160/122627l.jpg,https://myanimelist.net/images/anime/1160/122627.webp,https://myanimelist.net/images/anime/1160/122627t.webp,https://myanimelist.net/images/anime/1160/122627l.webp,,,https://www.youtube-nocookie.com/embed/vFN5K-iAyV0?enablejsapi=1&wmode=opaque&autoplay=1,,,,,,2022-04-09T00:00:00+00:00,2022-06-25T00:00:00+00:00,9,4,2022,25.0,6.0,2022.0,"Apr 9, 2022 to Jun 25, 2022",Saturdays,00:00,Asia/Tokyo,Saturdays at 00:00 (JST)
42938,https://myanimelist.net/anime/42938/Fruits_Basket__The_Final,True,"[{'type': 'Default', 'title': 'Fruits Basket: The Final'}, {'type': 'Synonym', 'title': 'Fruits Basket 3rd Season'}, {'type': 'Synonym', 'title': 'Fruits Basket (2019) 3rd Season'}, {'type': 'Synonym', 'title': 'Furuba'}, {'type': 'Japanese', 'title': 'フルーツバスケット The Final'}, {'type': 'English', 'title': 'Fruits Basket: The Final Season'}, {'type': 'German', 'title': 'Fruits Basket Staffel 3'}, {'type': 'Spanish', 'title': 'Fruits Basket: The Final Season'}, {'type': 'French', 'title': 'Fruits Basket Saison 3'}]",Fruits Basket: The Final,Fruits Basket: The Final Season,フルーツバスケット The Final,"['Fruits Basket 3rd Season', 'Fruits Basket (2019) 3rd Season', 'Furuba']",TV,Manga,13.0,Finished Airing,False,23 min per ep,PG-13 - Teens 13 or older,8.93,280502,18.0,442,563169,21352,"Hundreds of years ago, the Chinese zodiac spirits and their god swore to stay together eternally. United by this promise, the possessed members of the Souma family shall always return to each other under any circumstances. Yet, when these bonds shackle them from freedom, it becomes an undesirable burden—a curse. As head of the clan, Akito is convinced that he shares a special connection with the other Soumas. While he desperately clings to this fantasy, the rest of the family remains isolated and suppressed by the fear of punishment.

Tooru Honda, who has grown attached to the Soumas, is determined to break the chains that bind them. Her companionship with the family and her friends encourages her to move forward with lifting the curse. However, due to confounding revelations, she struggles to find the tenacity to continue her endeavors. With time slowly withering away, Tooru contends with an uncertain future in hopes of reaching the tranquility that may lie beyond all this commotion.

[Written by MAL Rewrite]",,spring,2021.0,"[{'mal_id': 16, 'type': 'anime', 'name': 'TV Tokyo', 'url': 'https://myanimelist.net/anime/producer/16/TV_Tokyo'}, {'mal_id': 100, 'type': 'anime', 'name': 'TV Osaka', 'url': 'https://myanimelist.net/anime/producer/100/TV_Osaka'}, {'mal_id': 139, 'type': 'anime', 'name': 'Nihon Ad Systems', 'url': 'https://myanimelist.net/anime/producer/139/Nihon_Ad_Systems'}, {'mal_id': 148, 'type': 'anime', 'name': 'Hakusensha', 'url': 'https://myanimelist.net/anime/producer/148/Hakusensha'}, {'mal_id': 1284, 'type': 'anime', 'name': 'Avex Pictures', 'url': 'https://myanimelist.net/anime/producer/1284/Avex_Pictures'}, {'mal_id': 2174, 'type': 'anime', 'name': 'TMS Music', 'url': 'https://myanimelist.net/anime/producer/2174/TMS_Music'}, {'mal_id': 2495, 'type': 'anime', 'name': '8PAN', 'url': 'https://myanimelist.net/anime/producer/2495/8PAN'}]","[{'mal_id': 102, 'type': 'anime', 'name': 'Funimation', 'url': 'https://myanimelist.net/anime/producer/102/Funimation'}]","[{'mal_id': 73, 'type': 'anime', 'name': 'TMS Entertainment', 'url': 'https://myanimelist.net/anime/producer/73/TMS_Entertainment'}]","[{'mal_id': 8, 'type': 'anime', 'name': 'Drama', 'url': 'https://myanimelist.net/anime/genre/8/Drama'}, {'mal_id': 22, 'type': 'anime', 'name': 'Romance', 'url': 'https://myanimelist.net/anime/genre/22/Romance'}, {'mal_id': 37, 'type': 'anime', 'name': 'Supernatural', 'url': 'https://myanimelist.net/anime/genre/37/Supernatural'}]",[],[],"[{'mal_id': 25, 'type': 'anime', 'name': 'Shoujo', 'url': 'https://myanimelist.net/anime/genre/25/Shoujo'}]",https://myanimelist.net/images/anime/1085/114792.jpg,https://myanimelist.net/images/anime/1085/114792t.jpg,https://myanimelist.net/images/anime/1085/114792l.jpg,https://myanimelist.net/images/anime/1085/114792.webp,https://myanimelist.net/images/anime/1085/114792t.webp,https://myanimelist.net/images/anime/1085/114792l.webp,,,https://www.youtube-nocookie.com/embed/Ip8Btv2t_6c?enablejsapi=1&wmode=opaque&autoplay=1,,,,,,2021-04-06T00:00:00+00:00,2021-06-29T00:00:00+00:00,6,4,2021,29.0,6.0,2021.0,"Apr 6, 2021 to Jun 29, 2021",Tuesdays,01:30,Asia/Tokyo,Tuesdays at 01:30 (JST)
4181,https://myanimelist.net/anime/4181/Clannad__After_Story,True,"[{'type': 'Default', 'title': 'Clannad: After Story'}, {'type': 'Japanese', 'title': 'CLANNAD〜AFTER STORY〜 クラナド アフターストーリー'}, {'type': 'English', 'title': 'Clannad: After Story'}, {'type': 'German', 'title': 'Clannad ~After Story~'}, {'type': 'Spanish', 'title': 'Clannad ~After Story~'}, {'type': 'French', 'title': 'Clannad ~After Story~'}]",Clannad: After Story,Clannad: After Story,CLANNAD〜AFTER STORY〜 クラナド アフターストーリー,[],TV,Visual novel,24.0,Finished Airing,False,24 min per ep,PG-13 - Teens 13 or older,8.93,700404,17.0,123,1285765,74071,"Tomoya Okazaki and Nagisa Furukawa have graduated from high school, and together, they experience the emotional rollercoaster of growing up. Unable to decide on a course for his future, Tomoya learns the value of a strong work ethic and discovers the strength of Nagisa's support. Through the couple's dedication and unity of purpose, they push forward to confront their personal problems, deepen their old relationships, and create new bonds.

Time also moves on in the Illusionary World. As the plains grow cold with the approach of winter, the Illusionary Girl and the Garbage Doll are presented with a difficult situation that reveals the World's true purpose.

[Written by MAL Rewrite]",,fall,2008.0,"[{'mal_id': 144, 'type': 'anime', 'name': 'Pony Canyon', 'url': 'https://myanimelist.net/anime/producer/144/Pony_Canyon'}, {'mal_id': 145, 'type': 'anime', 'name': 'TBS', 'url': 'https://myanimelist.net/anime/producer/145/TBS'}, {'mal_id': 211, 'type': 'anime', 'name': 'Rakuonsha', 'url': 'https://myanimelist.net/anime/producer/211/Rakuonsha'}, {'mal_id': 929, 'type': 'anime', 'name': 'Animation Do', 'url': 'https://myanimelist.net/anime/producer/929/Animation_Do'}]","[{'mal_id': 376, 'type': 'anime', 'name': 'Sentai Filmworks', 'url': 'https://myanimelist.net/anime/producer/376/Sentai_Filmworks'}]","[{'mal_id': 2, 'type': 'anime', 'name': 'Kyoto Animation', 'url': 'https://myanimelist.net/anime/producer/2/Kyoto_Animation'}]","[{'mal_id': 8, 'type': 'anime', 'name': 'Drama', 'url': 'https://myanimelist.net/anime/genre/8/Drama'}, {'mal_id': 22, 'type': 'anime', 'name': 'Romance', 'url': 'https://myanimelist.net/anime/genre/22/Romance'}]",[],[],[],https://myanimelist.net/images/anime/1299/110774.jpg,https://myanimelist.net/images/anime/1299/110774t.jpg,https://myanimelist.net/images/anime/1299/110774l.jpg,https://myanimelist.net/images/anime/1299/110774.webp,https://myanimelist.net/images/anime/1299/110774t.webp,https://myanimelist.net/images/anime/1299/110774l.webp,,,https://www.youtube-nocookie.com/embed/WiTwXIAcm5Q?enablejsapi=1&wmode=opaque&autoplay=1,,,,,,2008-10-03T00:00:00+00:00,2009-03-27T00:00:00+00:00,3,10,2008,27.0,3.0,2009.0,"Oct 3, 2008 to Mar 27, 2009",Fridays,01:59,Asia/Tokyo,Fridays at 01:59 (JST)
918,https://myanimelist.net/anime/918/Gintama,True,"[{'type': 'Default', 'title': 'Gintama'}, {'type': 'Synonym', 'title': 'Gin Tama'}, {'type': 'Synonym', 'title': 'Silver Soul'}, {'type': 'Synonym', 'title': 'Yorinuki Gintama-san'}, {'type': 'Japanese', 'title': '銀魂'}, {'type': 'English', 'title': 'Gintama'}]",Gintama,Gintama,銀魂,"['Gin Tama', 'Silver Soul', 'Yorinuki Gintama-san']",TV,Manga,201.0,Finished Airing,False,24 min per ep,PG-13 - Teens 13 or older,8.93,424594,19.0,147,1154813,61913,"Edo is a city that was home to the vigor and ambition of samurai across the country. However, following feudal Japan's surrender to powerful aliens known as the ""Amanto,"" those aspirations now seem unachievable. With the once-influential shogunate rebuilt as a puppet government, a new law is passed that promptly prohibits all swords in public. 

Enter Gintoki Sakata, an eccentric silver-haired man who always carries around a wooden sword and maintains his stature as a samurai despite the ban. As the founder of Yorozuya, a small business for odd jobs, Gintoki often embarks on endeavors to help other people—though usually in rather strange and unforeseen ways. 

Assisted by Shinpachi Shimura, a boy with glasses supposedly learning the way of the samurai; Kagura, a tomboyish girl with superhuman strength and an endless appetite; and Sadaharu, their giant pet dog who loves biting on people's heads, the Yorozuya encounter anything from alien royalty to scuffles with local gangs in the ever-changing world of Edo.

[Written by MAL Rewrite]","Gintama adapts chapters 1-292 of original manga. The series received high-definition reruns of older episodes by TV Tokyo from April 5, 2010, to March 28, 2011, under the name Yorinuki Gintama-san, which included 51 selected episodes as well as four new opening and ending songs.",spring,2006.0,"[{'mal_id': 16, 'type': 'anime', 'name': 'TV Tokyo', 'url': 'https://myanimelist.net/anime/producer/16/TV_Tokyo'}, {'mal_id': 17, 'type': 'anime', 'name': 'Aniplex', 'url': 'https://myanimelist.net/anime/producer/17/Aniplex'}, {'mal_id': 53, 'type': 'anime', 'name': 'Dentsu', 'url': 'https://myanimelist.net/anime/producer/53/Dentsu'}, {'mal_id': 643, 'type': 'anime', 'name': 'Trinity Sound', 'url': 'https://myanimelist.net/anime/producer/643/Trinity_Sound'}, {'mal_id': 763, 'type': 'anime', 'name': 'Miracle Robo', 'url': 'https://myanimelist.net/anime/producer/763/Miracle_Robo'}, {'mal_id': 1365, 'type': 'anime', 'name': 'Shueisha', 'url': 'https://myanimelist.net/anime/producer/1365/Shueisha'}]","[{'mal_id': 376, 'type': 'anime', 'name': 'Sentai Filmworks', 'url': 'https://myanimelist.net/anime/producer/376/Sentai_Filmworks'}, {'mal_id': 1468, 'type': 'anime', 'name': 'Crunchyroll', 'url': 'https://myanimelist.net/anime/producer/1468/Crunchyroll'}]","[{'mal_id': 14, 'type': 'anime', 'name': 'Sunrise', 'url': 'https://myanimelist.net/anime/producer/14/Sunrise'}]","[{'mal_id': 1, 'type': 'anime', 'name': 'Action', 'url': 'https://myanimelist.net/anime/genre/1/Action'}, {'mal_id': 4, 'type': 'anime', 'name': 'Comedy', 'url': 'https://myanimelist.net/anime/genre/4/Comedy'}, {'mal_id': 24, 'type': 'anime', 'name': 'Sci-Fi', 'url': 'https://myanimelist.net/anime/genre/24/Sci-Fi'}]",[],"[{'mal_id': 57, 'type': 'anime', 'name': 'Gag Humor', 'url': 'https://myanimelist.net/anime/genre/57/Gag_Humor'}, {'mal_id': 13, 'type': 'anime', 'name': 'Historical', 'url': 'https://myanimelist.net/anime/genre/13/Historical'}, {'mal_id': 20, 'type': 'anime', 'name': 'Parody', 'url': 'https://myanimelist.net/anime/genre/20/Parody'}, {'mal_id': 21, 'type': 'anime', 'name': 'Samurai', 'url': 'https://myanimelist.net/anime/genre/21/Samurai'}]","[{'mal_id': 27, 'type': 'anime', 'name': 'Shounen', 'url': 'https://myanimelist.net/anime/genre/27/Shounen'}]",https://myanimelist.net/images/anime/10/73274.jpg,https://myanimelist.net/images/anime/10/73274t.jpg,https://myanimelist.net/images/anime/10/73274l.jpg,https://myanimelist.net/images/anime/10/73274.webp,https://myanimelist.net/images/anime/10/73274t.webp,https://myanimelist.net/images/anime/10/73274l.webp,,,,,,,,,2006-04-04T00:00:00+00:00,2010-03-25T00:00:00+00:00,4,4,2006,25.0,3.0,2010.0,"Apr 4, 2006 to Mar 25, 2010",Thursdays,18:00,Asia/Tokyo,Thursdays at 18:00 (JST)
28851,https://myanimelist.net/anime/28851/Koe_no_Katachi,True,"[{'type': 'Default', 'title': 'Koe no Katachi'}, {'type': 'Synonym', 'title': 'The Shape of Voice'}, {'type': 'Japanese', 'title': '聲の形'}, {'type': 'English', 'title': 'A Silent Voice'}, {'type': 'German', 'title': 'A Silent Voice'}, {'type': 'Spanish', 'title': 'Una Voz Silenciosa'}, {'type': 'French', 'title': 'A Silent Voice'}]",Koe no Katachi,A Silent Voice,聲の形,['The Shape of Voice'],Movie,Manga,1.0,Finished Airing,False,2 hr 10 min,PG-13 - Teens 13 or older,8.93,1798463,20.0,19,2613396,96102,"As a wild youth, elementary school student Shouya Ishida sought to beat boredom in the cruelest ways. When the deaf Shouko Nishimiya transfers into his class, Shouya and the rest of his class thoughtlessly bully her for fun. However, when her mother notifies the school, he is singled out and blamed for everything done to her. With Shouko transferring out of the school, Shouya is left at the mercy of his classmates. He is heartlessly ostracized all throughout elementary and middle school, while teachers turn a blind eye.

Now in his third year of high school, Shouya is still plagued by his wrongdoings as a young boy. Sincerely regretting his past actions, he sets out on a journey of redemption: to meet Shouko once more and make amends.

Koe no Katachi tells the heartwarming tale of Shouya's reunion with Shouko and his honest attempts to redeem himself, all while being continually haunted by the shadows of his past.
 
[Written by MAL Rewrite]",Koe no Katachi won the following awards: Japanese Movie Critics Awards for Best Animation Feature Film in 2016; Japanese Academy Award for Excellent Animation of the Year in 2016; Tokyo Anime Award Festival for Anime of the Year (movie) & Best Screenplay / Original Story (Reiko Yoshida) in 2017; Japan Media Arts Festival for Animation Division - Excellence Award in 2017; Japan Movie Critics Awards for Best Animation of the Year in 2017; and Camera Japan Festival for Feature Film in 2017.,,,"[{'mal_id': 109, 'type': 'anime', 'name': 'Shochiku', 'url': 'https://myanimelist.net/anime/producer/109/Shochiku'}, {'mal_id': 144, 'type': 'anime', 'name': 'Pony Canyon', 'url': 'https://myanimelist.net/anime/producer/144/Pony_Canyon'}, {'mal_id': 159, 'type': 'anime', 'name': 'Kodansha', 'url': 'https://myanimelist.net/anime/producer/159/Kodansha'}, {'mal_id': 1500, 'type': 'anime', 'name': 'ABC Animation', 'url': 'https://myanimelist.net/anime/producer/1500/ABC_Animation'}, {'mal_id': 1574, 'type': 'anime', 'name': 'Quaras', 'url': 'https://myanimelist.net/anime/producer/1574/Quaras'}]","[{'mal_id': 531, 'type': 'anime', 'name': 'Eleven Arts', 'url': 'https://myanimelist.net/anime/producer/531/Eleven_Arts'}, {'mal_id': 595, 'type': 'anime', 'name': 'NYAV Post', 'url': 'https://myanimelist.net/anime/producer/595/NYAV_Post'}, {'mal_id': 783, 'type': 'anime', 'name': 'GKIDS', 'url': 'https://myanimelist.net/anime/producer/783/GKIDS'}]","[{'mal_id': 2, 'type': 'anime', 'name': 'Kyoto Animation', 'url': 'https://myanimelist.net/anime/producer/2/Kyoto_Animation'}]","[{'mal_id': 46, 'type': 'anime', 'name': 'Award Winning', 'url': 'https://myanimelist.net/anime/genre/46/Award_Winning'}, {'mal_id': 8, 'type': 'anime', 'name': 'Drama', 'url': 'https://myanimelist.net/anime/genre/8/Drama'}]",[],[],"[{'mal_id': 27, 'type': 'anime', 'name': 'Shounen', 'url': 'https://myanimelist.net/anime/genre/27/Shounen'}]",https://myanimelist.net/images/anime/1122/96435.jpg,https://myanimelist.net/images/anime/1122/96435t.jpg,https://myanimelist.net/images/anime/1122/96435l.jpg,https://myanimelist.net/images/anime/1122/96435.webp,https://myanimelist.net/images/anime/1122/96435t.webp,https://myanimelist.net/images/anime/1122/96435l.webp,,,https://www.youtube-nocookie.com/embed/XBNWo25izJ8?enablejsapi=1&wmode=opaque&autoplay=1,,,,,,2016-09-17T00:00:00+00:00,,17,9,2016,,,,"Sep 17, 2016",,,,
61316,https://myanimelist.net/anime/61316/Re_Zero_kara_Hajimeru_Isekai_Seikatsu_4th_Season,True,"[{'type': 'Default', 'title': 'Re:Zero kara Hajimeru Isekai Seikatsu 4th Season'}, {'type': 'Synonym', 'title': 'Re: Life in a different world from zero'}, {'type': 'Synonym', 'title': 'ReZero'}, {'type': 'Japanese', 'title': 'Re:ゼロから始める異世界生活 4th season'}, {'type': 'English', 'title': 'Re:ZERO -Starting Life in Another World- Season 4'}]",Re:Zero kara Hajimeru Isekai Seikatsu 4th Season,Re:ZERO -Starting Life in Another World- Season 4,Re:ゼロから始める異世界生活 4th season,"['Re: Life in a different world from zero', 'ReZero']",TV,Light novel,19.0,Currently Airing,True,23 min per ep,R - 17+ (violence & profanity),8.92,28624,22.0,1312,212694,1858,"In the deadly battle at the Watergate City of Priestella, Subaru and his allies barely emerged victorious—but their triumph came at a great cost. Through the ""Authority of Gluttony,"" Rem was put into suspended animation, while Crusch's memories and even Julius’s name were devoured. As he searches for a way to save them, Subaru learns of the ""Sage"" Shaula—an all-seeing being said to possess every form of knowledge. His next destination is the Pleiades Watchtower, home to the Sage, the farthest tower standing in the vast, uncharted desert known as the Auguria Dunes—a place so perilous that even the mightiest ""Sword Saint,"" Reinhard, failed to conquer it. The fury of nature, unknown magical beasts, and unimaginable dangers lie ahead. Together with his friends, Subaru embarks on a life-risking journey to reclaim what was lost.

(Source: Kadokawa, edited)","Re:Zero kara Hajimeru Isekai Seikatsu 4th Season is comprised of two arcs. The first eleven episodes are subtitled Soushitsu-hen (Loss Arc). The latter eight, subtitled Dakkan-hen (Recapture Arc), began airing on August 12, 2026.",spring,2026.0,"[{'mal_id': 238, 'type': 'anime', 'name': 'AT-X', 'url': 'https://myanimelist.net/anime/producer/238/AT-X'}, {'mal_id': 306, 'type': 'anime', 'name': 'Magic Capsule', 'url': 'https://myanimelist.net/anime/producer/306/Magic_Capsule'}, {'mal_id': 647, 'type': 'anime', 'name': 'Memory-Tech', 'url': 'https://myanimelist.net/anime/producer/647/Memory-Tech'}, {'mal_id': 1333, 'type': 'anime', 'name': 'Hakuhodo DY Music & Pictures', 'url': 'https://myanimelist.net/anime/producer/1333/Hakuhodo_DY_Music___Pictures'}, {'mal_id': 1696, 'type': 'anime', 'name': 'Kadokawa', 'url': 'https://myanimelist.net/anime/producer/1696/Kadokawa'}, {'mal_id': 2927, 'type': 'anime', 'name': 'DAXEL', 'url': 'https://myanimelist.net/anime/producer/2927/DAXEL'}]",[],"[{'mal_id': 314, 'type': 'anime', 'name': 'White Fox', 'url': 'https://myanimelist.net/anime/producer/314/White_Fox'}]","[{'mal_id': 8, 'type': 'anime', 'name': 'Drama', 'url': 'https://myanimelist.net/anime/genre/8/Drama'}, {'mal_id': 10, 'type': 'anime', 'name': 'Fantasy', 'url': 'https://myanimelist.net/anime/genre/10/Fantasy'}, {'mal_id': 41, 'type': 'anime', 'name': 'Suspense', 'url': 'https://myanimelist.net/anime/genre/41/Suspense'}]",[],"[{'mal_id': 62, 'type': 'anime', 'name': 'Isekai', 'url': 'https://myanimelist.net/anime/genre/62/Isekai'}, {'mal_id': 40, 'type': 'anime', 'name': 'Psychological', 'url': 'https://myanimelist.net/anime/genre/40/Psychological'}, {'mal_id': 78, 'type': 'anime', 'name': 'Time Travel', 'url': 'https://myanimelist.net/anime/genre/78/Time_Travel'}]",[],https://myanimelist.net/images/anime/1540/155824.jpg,https://myanimelist.net/images/anime/1540/155824t.jpg,https://myanimelist.net/images/anime/1540/155824l.jpg,https://myanimelist.net/images/anime/1540/155824.webp,https://myanimelist.net/images/anime/1540/155824t.webp,https://myanimelist.net/images/anime/1540/155824l.webp,,,https://www.youtube-nocookie.com/embed/jVl4bY81iIs?enablejsapi=1&wmode=opaque&autoplay=1,,,,,,2026-04-08T00:00:00+00:00,,8,4,2026,,,,"Apr 8, 2026 to ?",Wednesdays,22:00,Asia/Tokyo,Wednesdays at 22:00 (JST)
2904,https://myanimelist.net/anime/2904/Code_Geass__Hangyaku_no_Lelouch_R2,True,"[{'type': 'Default', 'title': 'Code Geass: Hangyaku no Lelouch R2'}, {'type': 'Synonym', 'title': 'Code Geass: Hangyaku no Lelouch 2nd Season'}, {'type': 'Synonym', 'title': 'Code Geass: Hangyaku no Lelouch Second Season'}, {'type': 'Japanese', 'title': 'コードギアス 反逆のルルーシュ R2'}, {'type': 'English', 'title': 'Code Geass: Lelouch of the Rebellion R2'}, {'type': 'German', 'title': 'Code Geass: Lelouch of the Rebellion R2'}, {'type': 'Spanish', 'title': 'Code Geass: Lelouch, el de la Rebelión R2'}, {'type': 'French', 'title': 'Code Geass: Lelouch of the Rebellion R2'}]",Code Geass: Hangyaku no Lelouch R2,Code Geass: Lelouch of the Rebellion R2,コードギアス 反逆のルルーシュ R2,"['Code Geass: Hangyaku no Lelouch 2nd Season', 'Code Geass: Hangyaku no Lelouch Second Season']",TV,Original,25.0,Finished Airing,False,24 min per ep,R - 17+ (violence & profanity),8.92,1298180,21.0,50,1954137,81283,"One year has passed since the Black Rebellion, a failed uprising against the Holy Britannian Empire led by the masked vigilante Zero, who is now missing. At a loss without their revolutionary leader, Area 11's resistance group—the Black Knights—find themselves too powerless to combat the brutality inflicted upon the Elevens by Britannia, which has increased significantly in order to crush any hope of a future revolt. 

Lelouch Lamperouge, having lost all memory of his double life, is living peacefully alongside his friends as a high school student at Ashford Academy. His former partner C.C., unable to accept this turn of events, takes it upon herself to remind him of his past purpose, hoping that the mastermind Zero will rise once again to finish what he started.

[Written by MAL Rewrite]","Code Geass: Hangyaku no Lelouch R2 is an original anime series by Sunrise animation studio with original character designs by the all-female Japanese manga artist group CLAMP. Manga and light novels based off the show have been published by Kadokawa Shoten. The show has sold millions of DVDs and Blu-ray volumes and is extremely popular in both Japan and North America. The show is known for its multi-genre appeal and for its diverse cast of characters who face many moral dilemmas over the course of the series. The series won: ""The Best TV Animation"" award at the thirteenth Animation Kobe event in 2008, and ""The Most Popular Anime"" award at the Animage 's 30th Annual Anime Grand Prix.",spring,2008.0,"[{'mal_id': 23, 'type': 'anime', 'name': 'Bandai Visual', 'url': 'https://myanimelist.net/anime/producer/23/Bandai_Visual'}, {'mal_id': 143, 'type': 'anime', 'name': 'Mainichi Broadcasting System', 'url': 'https://myanimelist.net/anime/producer/143/Mainichi_Broadcasting_System'}, {'mal_id': 230, 'type': 'anime', 'name': 'Bandai', 'url': 'https://myanimelist.net/anime/producer/230/Bandai'}, {'mal_id': 1233, 'type': 'anime', 'name': 'Bandai Namco Entertainment', 'url': 'https://myanimelist.net/anime/producer/1233/Bandai_Namco_Entertainment'}, {'mal_id': 1488, 'type': 'anime', 'name': 'Hakuhodo DY Media Partners', 'url': 'https://myanimelist.net/anime/producer/1488/Hakuhodo_DY_Media_Partners'}]","[{'mal_id': 102, 'type': 'anime', 'name': 'Funimation', 'url': 'https://myanimelist.net/anime/producer/102/Funimation'}, {'mal_id': 233, 'type': 'anime', 'name': 'Bandai Entertainment', 'url': 'https://myanimelist.net/anime/producer/233/Bandai_Entertainment'}]","[{'mal_id': 14, 'type': 'anime', 'name': 'Sunrise', 'url': 'https://myanimelist.net/anime/producer/14/Sunrise'}]","[{'mal_id': 46, 'type': 'anime', 'name': 'Award Winning', 'url': 'https://myanimelist.net/anime/genre/46/Award_Winning'}, {'mal_id': 8, 'type': 'anime', 'name': 'Drama', 'url': 'https://myanimelist.net/anime/genre/8/Drama'}, {'mal_id': 24, 'type': 'anime', 'name': 'Sci-Fi', 'url': 'https://myanimelist.net/anime/genre/24/Sci-Fi'}]",[],"[{'mal_id': 18, 'type': 'anime', 'name': 'Mecha', 'url': 'https://myanimelist.net/anime/genre/18/Mecha'}, {'mal_id': 38, 'type': 'anime', 'name': 'Military', 'url': 'https://myanimelist.net/anime/genre/38/Military'}, {'mal_id': 31, 'type': 'anime', 'name': 'Super Power', 'url': 'https://myanimelist.net/anime/genre/31/Super_Power'}]",[],https://myanimelist.net/images/anime/1088/135089.jpg,https://myanimelist.net/images/anime/1088/135089t.jpg,https://myanimelist.net/images/anime/1088/135089l.jpg,https://myanimelist.net/images/anime/1088/135089.webp,https://myanimelist.net/images/anime/1088/135089t.webp,https://myanimelist.net/images/anime/1088/135089l.webp,,,,,,,,,2008-04-06T00:00:00+00:00,2008-09-28T00:00:00+00:00,6,4,2008,28.0,9.0,2008.0,"Apr 6, 2008 to Sep 28, 2008",Sundays,17:00,Asia/Tokyo,Sundays at 17:00 (JST)
58514,https://myanimelist.net/anime/58514/Kusuriya_no_Hitorigoto_2nd_Season,True,"[{'type': 'Default', 'title': 'Kusuriya no Hitorigoto 2nd Season'}, {'type': 'Synonym', 'title': ""The Pharmacist's Monologue""}, {'type': 'Synonym', 'title': 'Drugstore Soliloquy'}, {'type': 'Japanese', 'title': '薬屋のひとりごと 第2期'}, {'type': 'English', 'title': 'The Apothecary Diaries Season 2'}]",Kusuriya no Hitorigoto 2nd Season,The Apothecary Diaries Season 2,薬屋のひとりごと 第2期,"[""The Pharmacist's Monologue"", 'Drugstore Soliloquy']",TV,Light novel,24.0,Finished Airing,False,24 min per ep,PG-13 - Teens 13 or older,8.91,260284,23.0,520,500746,7750,"Using her wit and vast knowledge of medicines and poisons alike, Maomao played a pivotal role in solving a series of mysteries and conspiracies that plagued the imperial court. Having recently come to terms with the secrets of her parents, she returns to fulfill her normal duties on behalf of the emperor's highest-ranking consorts. Maomao also works alongside the eunuch Jinshi to better the consorts' many ladies-in-waiting, including helping them learn to read.

However, with the arrival of a merchant caravan comes a new wave of intrigue. A pattern of strange coincidences involving the visitors and their wares unsettles Maomao, driving her to investigate the puzzling circumstances behind the convoy. As dangers from both outside and within threaten the balance between the imperial concubines, Maomao continues to utilize her cunning and medical expertise to keep the women safe from harm.

[Written by MAL Rewrite]","Kusuriya no Hitorigoto 2nd Season aired on Nippon TV's Friday Anime Night block. It was released on Blu-ray in four volumes by Toho from April 16, 2025, to October 15, 2025. The series adapts the third and fourth volume of the light novel.",winter,2025.0,"[{'mal_id': 53, 'type': 'anime', 'name': 'Dentsu', 'url': 'https://myanimelist.net/anime/producer/53/Dentsu'}, {'mal_id': 58, 'type': 'anime', 'name': 'Square Enix', 'url': 'https://myanimelist.net/anime/producer/58/Square_Enix'}, {'mal_id': 1003, 'type': 'anime', 'name': 'Nippon Television Network', 'url': 'https://myanimelist.net/anime/producer/1003/Nippon_Television_Network'}, {'mal_id': 1143, 'type': 'anime', 'name': 'TOHO animation', 'url': 'https://myanimelist.net/anime/producer/1143/TOHO_animation'}, {'mal_id': 1294, 'type': 'anime', 'name': 'Sound Team Don Juan', 'url': 'https://myanimelist.net/anime/producer/1294/Sound_Team_Don_Juan'}, {'mal_id': 1430, 'type': 'anime', 'name': 'Shogakukan', 'url': 'https://myanimelist.net/anime/producer/1430/Shogakukan'}, {'mal_id': 2844, 'type': 'anime', 'name': 'Imagica Infos', 'url': 'https://myanimelist.net/anime/producer/2844/Imagica_Infos'}]",[],"[{'mal_id': 28, 'type': 'anime', 'name': 'OLM', 'url': 'https://myanimelist.net/anime/producer/28/OLM'}, {'mal_id': 2705, 'type': 'anime', 'name': 'TOHO animation STUDIO', 'url': 'https://myanimelist.net/anime/producer/2705/TOHO_animation_STUDIO'}]","[{'mal_id': 8, 'type': 'anime', 'name': 'Drama', 'url': 'https://myanimelist.net/anime/genre/8/Drama'}, {'mal_id': 7, 'type': 'anime', 'name': 'Mystery', 'url': 'https://myanimelist.net/anime/genre/7/Mystery'}]",[],"[{'mal_id': 13, 'type': 'anime', 'name': 'Historical', 'url': 'https://myanimelist.net/anime/genre/13/Historical'}, {'mal_id': 67, 'type': 'anime', 'name': 'Medical', 'url': 'https://myanimelist.net/anime/genre/67/Medical'}]",[],https://myanimelist.net/images/anime/1025/147458.jpg,https://myanimelist.net/images/anime/1025/147458t.jpg,https://myanimelist.net/images/anime/1025/147458l.jpg,https://myanimelist.net/images/anime/1025/147458.webp,https://myanimelist.net/images/anime/1025/147458t.webp,https://myanimelist.net/images/anime/1025/147458l.webp,,,https://www.youtube-nocookie.com/embed/3BYutu3Pf_0?enablejsapi=1&wmode=opaque&autoplay=1,,,,,,2025-01-10T00:00:00+00:00,2025-07-04T00:00:00+00:00,10,1,2025,4.0,7.0,2025.0,"Jan 10, 2025 to Jul 4, 2025",Fridays,23:00,Asia/Tokyo,Fridays at 23:00 (JST)
59978,https://myanimelist.net/anime/59978/Sousou_no_Frieren_2nd_Season,True,"[{'type': 'Default', 'title': 'Sousou no Frieren 2nd Season'}, {'type': 'Synonym', 'title': 'Frieren at the Funeral Season 2'}, {'type': 'Japanese', 'title': '葬送のフリーレン 第2期'}, {'type': 'English', 'title': ""Frieren: Beyond Journey's End Season 2""}]",Sousou no Frieren 2nd Season,Frieren: Beyond Journey's End Season 2,葬送のフリーレン 第2期,['Frieren at the Funeral Season 2'],TV,Manga,10.0,Finished Airing,False,24 min per ep,PG-13 - Teens 13 or older,8.9,219039,26.0,485,525111,7064,"Following the First-Class Mage Exam, the trio—elven mage Frieren, warrior Stark, and first-class mage Fern—gains access to the dangerous Northern Plateau. As the party presses onward toward Aureole, formidable adversaries force Stark to confront his insecurities, solidifying his resolve and his role as the party's frontliner. Meanwhile, Fern continues to cherish the gifts she has been blessed with throughout her life, each a reminder of those she holds dear.

Frieren—still honoring her vow to understand humanity—revisits memories of her journey with the Hero's party and her fleeting encounter with a legendary figure. As she reflects on the passage of time, the elven mage quietly questions whether she has truly changed, yet in the small, almost subtle choices that she makes, there are signs that she might have become more human than she realizes.

[Written by MAL Rewrite]",Sousou no Frieren 2nd Season aired on Nippon TV's Friday Anime Night block.,winter,2026.0,"[{'mal_id': 17, 'type': 'anime', 'name': 'Aniplex', 'url': 'https://myanimelist.net/anime/producer/17/Aniplex'}, {'mal_id': 53, 'type': 'anime', 'name': 'Dentsu', 'url': 'https://myanimelist.net/anime/producer/53/Dentsu'}, {'mal_id': 62, 'type': 'anime', 'name': 'Shogakukan-Shueisha Productions', 'url': 'https://myanimelist.net/anime/producer/62/Shogakukan-Shueisha_Productions'}, {'mal_id': 1003, 'type': 'anime', 'name': 'Nippon Television Network', 'url': 'https://myanimelist.net/anime/producer/1003/Nippon_Television_Network'}, {'mal_id': 1143, 'type': 'anime', 'name': 'TOHO animation', 'url': 'https://myanimelist.net/anime/producer/1143/TOHO_animation'}, {'mal_id': 1294, 'type': 'anime', 'name': 'Sound Team Don Juan', 'url': 'https://myanimelist.net/anime/producer/1294/Sound_Team_Don_Juan'}, {'mal_id': 1406, 'type': 'anime', 'name': 'Miracle Bus', 'url': 'https://myanimelist.net/anime/producer/1406/Miracle_Bus'}, {'mal_id': 1430, 'type': 'anime', 'name': 'Shogakukan', 'url': 'https://myanimelist.net/anime/producer/1430/Shogakukan'}, {'mal_id': 2229, 'type': 'anime', 'name': 'Toho Music', 'url': 'https://myanimelist.net/anime/producer/2229/Toho_Music'}]",[],"[{'mal_id': 11, 'type': 'anime', 'name': 'Madhouse', 'url': 'https://myanimelist.net/anime/producer/11/Madhouse'}]","[{'mal_id': 2, 'type': 'anime', 'name': 'Adventure', 'url': 'https://myanimelist.net/anime/genre/2/Adventure'}, {'mal_id': 8, 'type': 'anime', 'name': 'Drama', 'url': 'https://myanimelist.net/anime/genre/8/Drama'}, {'mal_id': 10, 'type': 'anime', 'name': 'Fantasy', 'url': 'https://myanimelist.net/anime/genre/10/Fantasy'}]",[],[],"[{'mal_id': 27, 'type': 'anime', 'name': 'Shounen', 'url': 'https://myanimelist.net/anime/genre/27/Shounen'}]",https://myanimelist.net/images/anime/1921/154528.jpg,https://myanimelist.net/images/anime/1921/154528t.jpg,https://myanimelist.net/images/anime/1921/154528l.jpg,https://myanimelist.net/images/anime/1921/154528.webp,https://myanimelist.net/images/anime/1921/154528t.webp,https://myanimelist.net/images/anime/1921/154528l.webp,,,https://www.youtube-nocookie.com/embed/RH-FcW94z00?enablejsapi=1&wmode=opaque&autoplay=1,,,,,,2026-01-16T00:00:00+00:00,2026-03-27T00:00:00+00:00,16,1,2026,27.0,3.0,2026.0,"Jan 16, 2026 to Mar 27, 2026",Fridays,23:00,Asia/Tokyo,Fridays at 23:00 (JST)
35180,https://myanimelist.net/anime/35180/3-gatsu_no_Lion_2nd_Season,True,"[{'type': 'Default', 'title': '3-gatsu no Lion 2nd Season'}, {'type': 'Synonym', 'title': 'Sangatsu no Lion Second Season'}, {'type': 'Japanese', 'title': '3月のライオン 第2シリーズ'}, {'type': 'English', 'title': 'March Comes In Like a Lion 2nd Season'}, {'type': 'German', 'title': 'March Come in Like a Lion Staffel 2'}, {'type': 'Spanish', 'title': 'March Comes in like a Lion Temporada 2'}, {'type': 'French', 'title': 'March Comes in like a Lion Saison 2'}]",3-gatsu no Lion 2nd Season,March Comes In Like a Lion 2nd Season,3月のライオン 第2シリーズ,['Sangatsu no Lion Second Season'],TV,Manga,22.0,Finished Airing,False,25 min per ep,PG-13 - Teens 13 or older,8.9,215636,24.0,611,438877,15411,"Now in his second year of high school, Rei Kiriyama continues pushing through his struggles in the professional shogi world as well as his personal life. Surrounded by vibrant personalities at the shogi hall, the school club, and in the local community, his solitary shell slowly begins to crack. Among them are the three Kawamoto sisters—Akari, Hinata, and Momo—who forge an affectionate and familial bond with Rei. Through these ties, he realizes that everyone is burdened by their own emotional hardships and begins learning how to rely on others while supporting them in return. 

Nonetheless, the life of a professional is not easy. Between tournaments, championships, and title matches, the pressure mounts as Rei advances through the ranks and encounters incredibly skilled opponents. As he manages his relationships with those who have grown close to him, the shogi player continues to search for the reason he plays the game that defines his career.

[Written by MAL Rewrite]",,fall,2017.0,"[{'mal_id': 17, 'type': 'anime', 'name': 'Aniplex', 'url': 'https://myanimelist.net/anime/producer/17/Aniplex'}, {'mal_id': 53, 'type': 'anime', 'name': 'Dentsu', 'url': 'https://myanimelist.net/anime/producer/53/Dentsu'}, {'mal_id': 111, 'type': 'anime', 'name': 'NHK', 'url': 'https://myanimelist.net/anime/producer/111/NHK'}, {'mal_id': 148, 'type': 'anime', 'name': 'Hakusensha', 'url': 'https://myanimelist.net/anime/producer/148/Hakusensha'}, {'mal_id': 517, 'type': 'anime', 'name': 'Asmik Ace', 'url': 'https://myanimelist.net/anime/producer/517/Asmik_Ace'}, {'mal_id': 1390, 'type': 'anime', 'name': ""Toy's Factory"", 'url': 'https://myanimelist.net/anime/producer/1390/Toys_Factory'}, {'mal_id': 1797, 'type': 'anime', 'name': 'NHK Enterprises', 'url': 'https://myanimelist.net/anime/producer/1797/NHK_Enterprises'}]","[{'mal_id': 493, 'type': 'anime', 'name': 'Aniplex of America', 'url': 'https://myanimelist.net/anime/producer/493/Aniplex_of_America'}]","[{'mal_id': 44, 'type': 'anime', 'name': 'Shaft', 'url': 'https://myanimelist.net/anime/producer/44/Shaft'}]","[{'mal_id': 8, 'type': 'anime', 'name': 'Drama', 'url': 'https://myanimelist.net/anime/genre/8/Drama'}]",[],"[{'mal_id': 11, 'type': 'anime', 'name': 'Strategy Game', 'url': 'https://myanimelist.net/anime/genre/11/Strategy_Game'}]","[{'mal_id': 42, 'type': 'anime', 'name': 'Seinen', 'url': 'https://myanimelist.net/anime/genre/42/Seinen'}]",https://myanimelist.net/images/anime/3/88469.jpg,https://myanimelist.net/images/anime/3/88469t.jpg,https://myanimelist.net/images/anime/3/88469l.jpg,https://myanimelist.net/images/anime/3/88469.webp,https://myanimelist.net/images/anime/3/88469t.webp,https://myanimelist.net/images/anime/3/88469l.webp,,,https://www.youtube-nocookie.com/embed/OfSaJb5OOPA?enablejsapi=1&wmode=opaque&autoplay=1,,,,,,2017-10-14T00:00:00+00:00,2018-03-31T00:00:00+00:00,14,10,2017,31.0,3.0,2018.0,"Oct 14, 2017 to Mar 31, 2018",Saturdays,23:00,Asia/Tokyo,Saturdays at 23:00 (JST)
15335,https://myanimelist.net/anime/15335/Gintama_Movie_2__Kanketsu-hen_-_Yorozuya_yo_Eien_Nare,True,"[{'type': 'Default', 'title': 'Gintama Movie 2: Kanketsu-hen - Yorozuya yo Eien Nare'}, {'type': 'Synonym', 'title': 'Gintama: The Final Chapter - Be Forever Yorozuya'}, {'type': 'Synonym', 'title': 'Gintama Movie 2'}, {'type': 'Japanese', 'title': '劇場版 銀魂 完結篇 万事屋よ永遠なれ'}, {'type': 'English', 'title': 'Gintama: The Movie: The Final Chapter: Be Forever Yorozuya'}, {'type': 'German', 'title': 'Gintama the Movie 2'}]",Gintama Movie 2: Kanketsu-hen - Yorozuya yo Eien Nare,Gintama: The Movie: The Final Chapter: Be Forever Yorozuya,劇場版 銀魂 完結篇 万事屋よ永遠なれ,"['Gintama: The Final Chapter - Be Forever Yorozuya', 'Gintama Movie 2']",Movie,Manga,1.0,Finished Airing,False,1 hr 50 min,PG-13 - Teens 13 or older,8.9,145067,25.0,1072,262834,2158,"When Gintoki apprehends a movie pirate at a premiere, he checks the camera's footage and finds himself transported to a bleak, post-apocalyptic version of Edo, where a mysterious epidemic called the ""White Plague"" has ravished the world's population. It turns out that the movie pirate wasn't a pirate after all—it was an android time machine, and Gintoki has been hurtled five years into the future! Shinpachi and Kagura, his Yorozuya cohorts, have had a falling out and are now battle-hardened solo vigilantes and he himself has been missing for years, disappearing without a trace after scribbling a strange message in his journal.

Setting out in the disguise given to him by the android time machine, Gintoki haphazardly reunites the Yorozuya team to investigate the White Plague, and soon discovers that the key to saving the future lies in the darkness of his own past. Determined to confront a powerful foe, he makes an important discovery—with a ragtag band of friends and allies at his side, he doesn't have to fight alone.

[Written by MAL Rewrite]",,,,"[{'mal_id': 16, 'type': 'anime', 'name': 'TV Tokyo', 'url': 'https://myanimelist.net/anime/producer/16/TV_Tokyo'}, {'mal_id': 17, 'type': 'anime', 'name': 'Aniplex', 'url': 'https://myanimelist.net/anime/producer/17/Aniplex'}, {'mal_id': 53, 'type': 'anime', 'name': 'Dentsu', 'url': 'https://myanimelist.net/anime/producer/53/Dentsu'}, {'mal_id': 230, 'type': 'anime', 'name': 'Bandai', 'url': 'https://myanimelist.net/anime/producer/230/Bandai'}, {'mal_id': 415, 'type': 'anime', 'name': 'Warner Bros. Japan', 'url': 'https://myanimelist.net/anime/producer/415/Warner_Bros_Japan'}, {'mal_id': 1365, 'type': 'anime', 'name': 'Shueisha', 'url': 'https://myanimelist.net/anime/producer/1365/Shueisha'}]",[],"[{'mal_id': 14, 'type': 'anime', 'name': 'Sunrise', 'url': 'https://myanimelist.net/anime/producer/14/Sunrise'}]","[{'mal_id': 1, 'type': 'anime', 'name': 'Action', 'url': 'https://myanimelist.net/anime/genre/1/Action'}, {'mal_id': 4, 'type': 'anime', 'name': 'Comedy', 'url': 'https://myanimelist.net/anime/genre/4/Comedy'}, {'mal_id': 24, 'type': 'anime', 'name': 'Sci-Fi', 'url': 'https://myanimelist.net/anime/genre/24/Sci-Fi'}]",[],"[{'mal_id': 57, 'type': 'anime', 'name': 'Gag Humor', 'url': 'https://myanimelist.net/anime/genre/57/Gag_Humor'}, {'mal_id': 13, 'type': 'anime', 'name': 'Historical', 'url': 'https://myanimelist.net/anime/genre/13/Historical'}, {'mal_id': 20, 'type': 'anime', 'name': 'Parody', 'url': 'https://myanimelist.net/anime/genre/20/Parody'}, {'mal_id': 21, 'type': 'anime', 'name': 'Samurai', 'url': 'https://myanimelist.net/anime/genre/21/Samurai'}, {'mal_id': 78, 'type': 'anime', 'name': 'Time Travel', 'url': 'https://myanimelist.net/anime/genre/78/Time_Travel'}]","[{'mal_id': 27, 'type': 'anime', 'name': 'Shounen', 'url': 'https://myanimelist.net/anime/genre/27/Shounen'}]",https://myanimelist.net/images/anime/10/51723.jpg,https://myanimelist.net/images/anime/10/51723t.jpg,https://myanimelist.net/images/anime/10/51723l.jpg,https://myanimelist.net/images/anime/10/51723.webp,https://myanimelist.net/images/anime/10/51723t.webp,https://myanimelist.net/images/anime/10/51723l.webp,,,https://www.youtube-nocookie.com/embed/UhJM5rVqaF8?enablejsapi=1&wmode=opaque&autoplay=1,,,,,,2013-07-06T00:00:00+00:00,,6,7,2013,,,,"Jul 6, 2013",,,,
19,https://myanimelist.net/anime/19/Monster,True,"[{'type': 'Default', 'title': 'Monster'}, {'type': 'Japanese', 'title': 'モンスター'}, {'type': 'English', 'title': 'Monster'}]",Monster,Monster,モンスター,[],TV,Manga,74.0,Finished Airing,False,24 min per ep,R+ - Mild Nudity,8.89,511534,27.0,115,1327499,62021,"Dr. Kenzou Tenma, an elite neurosurgeon recently engaged to his hospital director's daughter, is well on his way to ascending the hospital hierarchy. That is until one night, a seemingly small event changes Dr. Tenma's life forever. While preparing to perform surgery on someone, he gets a call from the hospital director telling him to switch patients and instead perform life-saving brain surgery on a famous performer. His fellow doctors, fiancée, and the hospital director applaud his accomplishment; but because of the switch, a poor immigrant worker is dead, causing Dr. Tenma to have a crisis of conscience.

So when a similar situation arises, Dr. Tenma stands his ground and chooses to perform surgery on the young boy Johan Liebert instead of the town's mayor. Unfortunately, this choice leads to serious ramifications for Dr. Tenma—losing his social standing being one of them. However, with the mysterious death of the director and two other doctors, Dr. Tenma's position is restored. With no evidence to convict him, he is released and goes on to attain the position of hospital director. 

Nine years later when Dr. Tenma saves the life of a criminal, his past comes back to haunt him—once again, he comes face to face with the monster he operated on. He must now embark on a quest of pursuit to make amends for the havoc spread by the one he saved.

[Written by MAL Rewrite]",,spring,2004.0,"[{'mal_id': 29, 'type': 'anime', 'name': 'VAP', 'url': 'https://myanimelist.net/anime/producer/29/VAP'}, {'mal_id': 1003, 'type': 'anime', 'name': 'Nippon Television Network', 'url': 'https://myanimelist.net/anime/producer/1003/Nippon_Television_Network'}, {'mal_id': 3172, 'type': 'anime', 'name': 'Arts Pro', 'url': 'https://myanimelist.net/anime/producer/3172/Arts_Pro'}]","[{'mal_id': 119, 'type': 'anime', 'name': 'VIZ Media', 'url': 'https://myanimelist.net/anime/producer/119/VIZ_Media'}, {'mal_id': 467, 'type': 'anime', 'name': 'Discotek Media', 'url': 'https://myanimelist.net/anime/producer/467/Discotek_Media'}]","[{'mal_id': 11, 'type': 'anime', 'name': 'Madhouse', 'url': 'https://myanimelist.net/anime/producer/11/Madhouse'}]","[{'mal_id': 8, 'type': 'anime', 'name': 'Drama', 'url': 'https://myanimelist.net/anime/genre/8/Drama'}, {'mal_id': 7, 'type': 'anime', 'name': 'Mystery', 'url': 'https://myanimelist.net/anime/genre/7/Mystery'}, {'mal_id': 41, 'type': 'anime', 'name': 'Suspense', 'url': 'https://myanimelist.net/anime/genre/41/Suspense'}]",[],"[{'mal_id': 50, 'type': 'anime', 'name': 'Adult Cast', 'url': 'https://myanimelist.net/anime/genre/50/Adult_Cast'}, {'mal_id': 40, 'type': 'anime', 'name': 'Psychological', 'url': 'https://myanimelist.net/anime/genre/40/Psychological'}]","[{'mal_id': 42, 'type': 'anime', 'name': 'Seinen', 'url': 'https://myanimelist.net/anime/genre/42/Seinen'}]",https://myanimelist.net/images/anime/10/18793.jpg,https://myanimelist.net/images/anime/10/18793t.jpg,https://myanimelist.net/images/anime/10/18793l.jpg,https://myanimelist.net/images/anime/10/18793.webp,https://myanimelist.net/images/anime/10/18793t.webp,https://myanimelist.net/images/anime/10/18793l.webp,,,,,,,,,2004-04-07T00:00:00+00:00,2005-09-28T00:00:00+00:00,7,4,2004,28.0,9.0,2005.0,"Apr 7, 2004 to Sep 28, 2005",Wednesdays,00:40,Asia/Tokyo,Wednesdays at 00:40 (JST)
37491,https://myanimelist.net/anime/37491/Gintama_Shirogane_no_Tamashii-hen_-_Kouhan-sen,True,"[{'type': 'Default', 'title': 'Gintama. Shirogane no Tamashii-hen - Kouhan-sen'}, {'type': 'Synonym', 'title': 'Gintama. Silver Soul Arc 2'}, {'type': 'Japanese', 'title': '銀魂. 銀ノ魂篇 後半戦'}, {'type': 'English', 'title': 'Gintama. Silver Soul Arc - Second Half War'}]",Gintama. Shirogane no Tamashii-hen - Kouhan-sen,Gintama. Silver Soul Arc - Second Half War,銀魂. 銀ノ魂篇 後半戦,['Gintama. Silver Soul Arc 2'],TV,Manga,14.0,Finished Airing,False,24 min per ep,PG-13 - Teens 13 or older,8.88,107467,28.0,1245,226458,1101,"Following the temporary retreat of the Altana Liberation Army from the Kabuki District, the state of the war has seemingly improved. However, as the Oniwaban, Shinsengumi, and residents of the district combat the army's remnants, Edo's greatest inventor Gengai Hiraga is abducted. Responsible for causing the enemy's withdrawal by rendering their weapons useless, Gengai's nanomachine virus is now at risk of being shut down.

Meanwhile, a laser capable of obliterating a planet is activated in Earth's orbit on the Liberation Army's mother ship. Another battle ensues when Shinsuke Takasugi and the rest of the Kiheitai arrive on the vessel to stop the weapon from firing. Forced to fight a war on two fronts, the Yorozuya and their allies must prevail on both sides to save Edo and the rest of the world.

[Written by MAL Rewrite]","Gintama. Shirogane no Tamashii-hen - Kouhan-sen was released on Blu-ray and DVD from October 24, 2018, to February 27, 2019.",summer,2018.0,"[{'mal_id': 16, 'type': 'anime', 'name': 'TV Tokyo', 'url': 'https://myanimelist.net/anime/producer/16/TV_Tokyo'}, {'mal_id': 17, 'type': 'anime', 'name': 'Aniplex', 'url': 'https://myanimelist.net/anime/producer/17/Aniplex'}, {'mal_id': 53, 'type': 'anime', 'name': 'Dentsu', 'url': 'https://myanimelist.net/anime/producer/53/Dentsu'}, {'mal_id': 1365, 'type': 'anime', 'name': 'Shueisha', 'url': 'https://myanimelist.net/anime/producer/1365/Shueisha'}]",[],"[{'mal_id': 1258, 'type': 'anime', 'name': 'Bandai Namco Pictures', 'url': 'https://myanimelist.net/anime/producer/1258/Bandai_Namco_Pictures'}]","[{'mal_id': 1, 'type': 'anime', 'name': 'Action', 'url': 'https://myanimelist.net/anime/genre/1/Action'}, {'mal_id': 4, 'type': 'anime', 'name': 'Comedy', 'url': 'https://myanimelist.net/anime/genre/4/Comedy'}, {'mal_id': 24, 'type': 'anime', 'name': 'Sci-Fi', 'url': 'https://myanimelist.net/anime/genre/24/Sci-Fi'}]",[],"[{'mal_id': 57, 'type': 'anime', 'name': 'Gag Humor', 'url': 'https://myanimelist.net/anime/genre/57/Gag_Humor'}, {'mal_id': 13, 'type': 'anime', 'name': 'Historical', 'url': 'https://myanimelist.net/anime/genre/13/Historical'}, {'mal_id': 20, 'type': 'anime', 'name': 'Parody', 'url': 'https://myanimelist.net/anime/genre/20/Parody'}, {'mal_id': 21, 'type': 'anime', 'name': 'Samurai', 'url': 'https://myanimelist.net/anime/genre/21/Samurai'}]","[{'mal_id': 27, 'type': 'anime', 'name': 'Shounen', 'url': 'https://myanimelist.net/anime/genre/27/Shounen'}]",https://myanimelist.net/images/anime/1776/96566.jpg,https://myanimelist.net/images/anime/1776/96566t.jpg,https://myanimelist.net/images/anime/1776/96566l.jpg,https://myanimelist.net/images/anime/1776/96566.webp,https://myanimelist.net/images/anime/1776/96566t.webp,https://myanimelist.net/images/anime/1776/96566l.webp,,,https://www.youtube-nocookie.com/embed/E2rzD37MCSg?enablejsapi=1&wmode=opaque&autoplay=1,,,,,,2018-07-09T00:00:00+00:00,2018-10-08T00:00:00+00:00,9,7,2018,8.0,10.0,2018.0,"Jul 9, 2018 to Oct 8, 2018",Mondays,01:35,Asia/Tokyo,Mondays at 01:35 (JST)
51535,https://myanimelist.net/anime/51535/Shingeki_no_Kyojin__The_Final_Season_-_Kanketsu-hen,True,"[{'type': 'Default', 'title': 'Shingeki no Kyojin: The Final Season - Kanketsu-hen'}, {'type': 'Synonym', 'title': 'Shingeki no Kyojin: The Final Season Part 3'}, {'type': 'Synonym', 'title': 'Shingeki no Kyojin Season 4'}, {'type': 'Synonym', 'title': 'Attack on Titan Season 4'}, {'type': 'Japanese', 'title': '進撃の巨人 The Final Season完結編'}, {'type': 'English', 'title': 'Attack on Titan: Final Season - The Final Chapters'}]",Shingeki no Kyojin: The Final Season - Kanketsu-hen,Attack on Titan: Final Season - The Final Chapters,進撃の巨人 The Final Season完結編,"['Shingeki no Kyojin: The Final Season Part 3', 'Shingeki no Kyojin Season 4', 'Attack on Titan Season 4']",TV Special,Manga,2.0,Finished Airing,False,1 hr 12 min per ep,R - 17+ (violence & profanity),8.86,527806,30.0,250,864842,17354,"In the wake of Eren Yeager's cataclysmic actions, his friends and former enemies form an alliance against his genocidal rampage. Though once bitter foes, Armin Arlert, Mikasa Ackerman, and the remaining members of the Scout Regiment join forces with Reiner Braun and the survivors of the Marleyan military. Their meager united front sets out on a mission to stop Eren's wrath and—if possible—save their old comrade in the process.

As Eren pushes forward at any cost, he battles his own internal turmoil. Although he feels immense remorse over his horrific invasion, Eren believes he harbors noble intentions: he believes the path ahead is the only way to save his friends and, to a greater extent, his people.

The opposing battalions spiral toward an inevitable final clash that may claim the lives of millions. Though they face an army of monsters beyond anything they could have previously imagined, Mikasa, Armin, and their allies stand brave in the face of certain doom.

[Written by MAL Rewrite]",Shingeki no Kyojin: The Final Season - Kanketsu-hen adapts content from volumes 32-34 of the original manga.,,,"[{'mal_id': 10, 'type': 'anime', 'name': 'Production I.G', 'url': 'https://myanimelist.net/anime/producer/10/Production_IG'}, {'mal_id': 53, 'type': 'anime', 'name': 'Dentsu', 'url': 'https://myanimelist.net/anime/producer/53/Dentsu'}, {'mal_id': 143, 'type': 'anime', 'name': 'Mainichi Broadcasting System', 'url': 'https://myanimelist.net/anime/producer/143/Mainichi_Broadcasting_System'}, {'mal_id': 144, 'type': 'anime', 'name': 'Pony Canyon', 'url': 'https://myanimelist.net/anime/producer/144/Pony_Canyon'}, {'mal_id': 159, 'type': 'anime', 'name': 'Kodansha', 'url': 'https://myanimelist.net/anime/producer/159/Kodansha'}, {'mal_id': 1499, 'type': 'anime', 'name': 'Techno Sound', 'url': 'https://myanimelist.net/anime/producer/1499/Techno_Sound'}, {'mal_id': 1557, 'type': 'anime', 'name': 'Pony Canyon Enterprises', 'url': 'https://myanimelist.net/anime/producer/1557/Pony_Canyon_Enterprises'}]","[{'mal_id': 102, 'type': 'anime', 'name': 'Funimation', 'url': 'https://myanimelist.net/anime/producer/102/Funimation'}]","[{'mal_id': 569, 'type': 'anime', 'name': 'MAPPA', 'url': 'https://myanimelist.net/anime/producer/569/MAPPA'}]","[{'mal_id': 1, 'type': 'anime', 'name': 'Action', 'url': 'https://myanimelist.net/anime/genre/1/Action'}, {'mal_id': 8, 'type': 'anime', 'name': 'Drama', 'url': 'https://myanimelist.net/anime/genre/8/Drama'}, {'mal_id': 41, 'type': 'anime', 'name': 'Suspense', 'url': 'https://myanimelist.net/anime/genre/41/Suspense'}]",[],"[{'mal_id': 58, 'type': 'anime', 'name': 'Gore', 'url': 'https://myanimelist.net/anime/genre/58/Gore'}, {'mal_id': 38, 'type': 'anime', 'name': 'Military', 'url': 'https://myanimelist.net/anime/genre/38/Military'}, {'mal_id': 76, 'type': 'anime', 'name': 'Survival', 'url': 'https://myanimelist.net/anime/genre/76/Survival'}]","[{'mal_id': 27, 'type': 'anime', 'name': 'Shounen', 'url': 'https://myanimelist.net/anime/genre/27/Shounen'}]",https://myanimelist.net/images/anime/1279/131078.jpg,https://myanimelist.net/images/anime/1279/131078t.jpg,https://myanimelist.net/images/anime/1279/131078l.jpg,https://myanimelist.net/images/anime/1279/131078.webp,https://myanimelist.net/images/anime/1279/131078t.webp,https://myanimelist.net/images/anime/1279/131078l.webp,,,https://www.youtube-nocookie.com/embed/E7WytLM2KvY?enablejsapi=1&wmode=opaque&autoplay=1,,,,,,2023-03-04T00:00:00+00:00,2023-11-05T00:00:00+00:00,4,3,2023,5.0,11.0,2023.0,"Mar 4, 2023 to Nov 5, 2023",,,,
35247,https://myanimelist.net/anime/35247/Owarimonogatari_2nd_Season,True,"[{'type': 'Default', 'title': 'Owarimonogatari 2nd Season'}, {'type': 'Synonym', 'title': 'End Story 2nd Season'}, {'type': 'Japanese', 'title': '終物語'}, {'type': 'English', 'title': 'Owarimonogatari Second Season'}, {'type': 'French', 'title': 'Owarimonogatari Saison 2'}]",Owarimonogatari 2nd Season,Owarimonogatari Second Season,終物語,['End Story 2nd Season'],TV Special,Light novel,7.0,Finished Airing,False,22 min per ep,R - 17+ (violence & profanity),8.86,210641,29.0,615,437541,9166,"Following an encounter with oddity specialist Izuko Gaen, third-year high school student Koyomi Araragi wakes up in a strange, deserted void only to be greeted by a joyfully familiar face in an alarmingly unfamiliar place.  

Araragi, with the help of his girlfriend Hitagi Senjougahara, maneuvers through the webs of his past and the perplexities of the present in search of answers. However, fate once again delivers him to the eccentric transfer student Ougi Oshino, who brings forth an unexpected proposal that may unearth the very foundation to which he is anchored. As Araragi peels back the layers of mystery surrounding an apparition, he discovers a truth not meant to be revealed.

[Written by MAL Rewrite]",Owarimonogatari 2nd Season adapts the fifth volume of NisiOisiN's Monogatari Series: Final Season.,,,"[{'mal_id': 17, 'type': 'anime', 'name': 'Aniplex', 'url': 'https://myanimelist.net/anime/producer/17/Aniplex'}, {'mal_id': 159, 'type': 'anime', 'name': 'Kodansha', 'url': 'https://myanimelist.net/anime/producer/159/Kodansha'}]","[{'mal_id': 493, 'type': 'anime', 'name': 'Aniplex of America', 'url': 'https://myanimelist.net/anime/producer/493/Aniplex_of_America'}]","[{'mal_id': 44, 'type': 'anime', 'name': 'Shaft', 'url': 'https://myanimelist.net/anime/producer/44/Shaft'}]","[{'mal_id': 4, 'type': 'anime', 'name': 'Comedy', 'url': 'https://myanimelist.net/anime/genre/4/Comedy'}, {'mal_id': 7, 'type': 'anime', 'name': 'Mystery', 'url': 'https://myanimelist.net/anime/genre/7/Mystery'}, {'mal_id': 37, 'type': 'anime', 'name': 'Supernatural', 'url': 'https://myanimelist.net/anime/genre/37/Supernatural'}]",[],"[{'mal_id': 32, 'type': 'anime', 'name': 'Vampire', 'url': 'https://myanimelist.net/anime/genre/32/Vampire'}]",[],https://myanimelist.net/images/anime/6/87322.jpg,https://myanimelist.net/images/anime/6/87322t.jpg,https://myanimelist.net/images/anime/6/87322l.jpg,https://myanimelist.net/images/anime/6/87322.webp,https://myanimelist.net/images/anime/6/87322t.webp,https://myanimelist.net/images/anime/6/87322l.webp,,,https://www.youtube-nocookie.com/embed/7WdyIcDlK2o?enablejsapi=1&wmode=opaque&autoplay=1,,,,,,2017-08-12T00:00:00+00:00,2017-08-13T00:00:00+00:00,12,8,2017,13.0,8.0,2017.0,"Aug 12, 2017 to Aug 13, 2017",,,,
54492,https://myanimelist.net/anime/54492/Kusuriya_no_Hitorigoto,True,"[{'type': 'Default', 'title': 'Kusuriya no Hitorigoto'}, {'type': 'Synonym', 'title': ""The Pharmacist's Monologue""}, {'type': 'Synonym', 'title': 'Drugstore Soliloquy'}, {'type': 'Japanese', 'title': '薬屋のひとりごと'}, {'type': 'English', 'title': 'The Apothecary Diaries'}]",Kusuriya no Hitorigoto,The Apothecary Diaries,薬屋のひとりごと,"[""The Pharmacist's Monologue"", 'Drugstore Soliloquy']",TV,Light novel,24.0,Finished Airing,False,22 min per ep,PG-13 - Teens 13 or older,8.85,472497,32.0,264,836797,28233,"Maomao, an apothecary's daughter, has been plucked from her peaceful life and sold to the lowest echelons of the imperial court. Now merely a maid, Maomao settles into her new mundane life and hides her extensive knowledge of medicine in order to avoid any unwanted attention.

Not long after Maomao's arrival, the emperor's infant children inexplicably begin to experience grave symptoms—almost as if a curse has been cast. The curious Maomao easily solves the mystery and, to remain out of the limelight, attempts to leave an anonymous tip. Unfortunately, the dashing and perceptive eunuch Jinshi sees through it and manages to single her out.

In recognition of her talent, Maomao is promoted to lady-in-waiting for the emperor's favorite concubine, Gyokuyou. As Maomao continues to remedy the numerous ailments afflicting the imperial court, her pharmaceutical expertise quickly proves indispensable.

[Written by MAL Rewrite]","Kusuriya no Hitorigoto was released on Blu-ray in four volumes from January 24, 2024, to July 17, 2024.",fall,2023.0,"[{'mal_id': 53, 'type': 'anime', 'name': 'Dentsu', 'url': 'https://myanimelist.net/anime/producer/53/Dentsu'}, {'mal_id': 58, 'type': 'anime', 'name': 'Square Enix', 'url': 'https://myanimelist.net/anime/producer/58/Square_Enix'}, {'mal_id': 1003, 'type': 'anime', 'name': 'Nippon Television Network', 'url': 'https://myanimelist.net/anime/producer/1003/Nippon_Television_Network'}, {'mal_id': 1143, 'type': 'anime', 'name': 'TOHO animation', 'url': 'https://myanimelist.net/anime/producer/1143/TOHO_animation'}, {'mal_id': 1430, 'type': 'anime', 'name': 'Shogakukan', 'url': 'https://myanimelist.net/anime/producer/1430/Shogakukan'}, {'mal_id': 2844, 'type': 'anime', 'name': 'Imagica Infos', 'url': 'https://myanimelist.net/anime/producer/2844/Imagica_Infos'}]","[{'mal_id': 1468, 'type': 'anime', 'name': 'Crunchyroll', 'url': 'https://myanimelist.net/anime/producer/1468/Crunchyroll'}]","[{'mal_id': 28, 'type': 'anime', 'name': 'OLM', 'url': 'https://myanimelist.net/anime/producer/28/OLM'}, {'mal_id': 2705, 'type': 'anime', 'name': 'TOHO animation STUDIO', 'url': 'https://myanimelist.net/anime/producer/2705/TOHO_animation_STUDIO'}]","[{'mal_id': 8, 'type': 'anime', 'name': 'Drama', 'url': 'https://myanimelist.net/anime/genre/8/Drama'}, {'mal_id': 7, 'type': 'anime', 'name': 'Mystery', 'url': 'https://myanimelist.net/anime/genre/7/Mystery'}]",[],"[{'mal_id': 13, 'type': 'anime', 'name': 'Historical', 'url': 'https://myanimelist.net/anime/genre/13/Historical'}, {'mal_id': 67, 'type': 'anime', 'name': 'Medical', 'url': 'https://myanimelist.net/anime/genre/67/Medical'}]",[],https://myanimelist.net/images/anime/1708/138033.jpg,https://myanimelist.net/images/anime/1708/138033t.jpg,https://myanimelist.net/images/anime/1708/138033l.jpg,https://myanimelist.net/images/anime/1708/138033.webp,https://myanimelist.net/images/anime/1708/138033t.webp,https://myanimelist.net/images/anime/1708/138033l.webp,,,https://www.youtube-nocookie.com/embed/hkflaNu6yAQ?enablejsapi=1&wmode=opaque&autoplay=1,,,,,,2023-10-22T00:00:00+00:00,2024-03-24T00:00:00+00:00,22,10,2023,24.0,3.0,2024.0,"Oct 22, 2023 to Mar 24, 2024",Sundays,01:05,Asia/Tokyo,Sundays at 01:05 (JST)
40682,https://myanimelist.net/anime/40682/Kingdom_3rd_Season,True,"[{'type': 'Default', 'title': 'Kingdom 3rd Season'}, {'type': 'Japanese', 'title': 'キングダム 第3シリーズ'}, {'type': 'English', 'title': 'Kingdom Season 3'}]",Kingdom 3rd Season,Kingdom Season 3,キングダム 第3シリーズ,[],TV,Manga,26.0,Finished Airing,False,25 min per ep,R - 17+ (violence & profanity),8.85,55620,31.0,1949,133999,2803,"Following the successful Sanyou campaign, the Qin army, including 1,000-Man Commander Xin, inches ever closer to fulfilling King Ying Zheng's dream of unifying China. With a major geographical foothold in the state of Wei now under its control, Qin sets its sights eastward toward the remaining warring states.

Meanwhile Li Mu—an unparalleled strategist and the newly appointed prime minister of the state of Zhao—has taken advantage of Zhao's temporary truce with Qin to negotiate with the other states without interruption. Seemingly without warning, Ying Zheng receives news that armies from the states of Chu, Zhao, Wei, Han, Yan, and Qi have crossed into Qin territory. Realizing too late the purpose behind Li Mu's truce with Qin, Zheng quickly gathers his advisors to devise a plan to address the six-state coalition army on their doorstep. For the first time in history, the state of Qin faces complete destruction and must use every resource and strategy at their disposal to prevent themselves from being wiped off the map.

[Written by MAL Rewrite]",Kingdom 3rd Season adapts chapters 261-364 of the original manga.,spring,2020.0,"[{'mal_id': 1365, 'type': 'anime', 'name': 'Shueisha', 'url': 'https://myanimelist.net/anime/producer/1365/Shueisha'}, {'mal_id': 1797, 'type': 'anime', 'name': 'NHK Enterprises', 'url': 'https://myanimelist.net/anime/producer/1797/NHK_Enterprises'}]","[{'mal_id': 102, 'type': 'anime', 'name': 'Funimation', 'url': 'https://myanimelist.net/anime/producer/102/Funimation'}]","[{'mal_id': 1, 'type': 'anime', 'name': 'Studio Pierrot', 'url': 'https://myanimelist.net/anime/producer/1/Studio_Pierrot'}, {'mal_id': 1998, 'type': 'anime', 'name': 'Studio Signpost', 'url': 'https://myanimelist.net/anime/producer/1998/Studio_Signpost'}]","[{'mal_id': 1, 'type': 'anime', 'name': 'Action', 'url': 'https://myanimelist.net/anime/genre/1/Action'}]",[],"[{'mal_id': 13, 'type': 'anime', 'name': 'Historical', 'url': 'https://myanimelist.net/anime/genre/13/Historical'}, {'mal_id': 38, 'type': 'anime', 'name': 'Military', 'url': 'https://myanimelist.net/anime/genre/38/Military'}]","[{'mal_id': 42, 'type': 'anime', 'name': 'Seinen', 'url': 'https://myanimelist.net/anime/genre/42/Seinen'}]",https://myanimelist.net/images/anime/1443/111830.jpg,https://myanimelist.net/images/anime/1443/111830t.jpg,https://myanimelist.net/images/anime/1443/111830l.jpg,https://myanimelist.net/images/anime/1443/111830.webp,https://myanimelist.net/images/anime/1443/111830t.webp,https://myanimelist.net/images/anime/1443/111830l.webp,,,https://www.youtube-nocookie.com/embed/CasaH4vvYEw?enablejsapi=1&wmode=opaque&autoplay=1,,,,,,2020-04-06T00:00:00+00:00,2021-10-17T00:00:00+00:00,6,4,2020,17.0,10.0,2021.0,"Apr 6, 2020 to Oct 17, 2021",Mondays,00:10,Asia/Tokyo,Mondays at 00:10 (JST)
59571,https://myanimelist.net/anime/59571/Shingeki_no_Kyojin_Movie__Kanketsu-hen_-_The_Last_Attack,True,"[{'type': 'Default', 'title': 'Shingeki no Kyojin Movie: Kanketsu-hen - The Last Attack'}, {'type': 'Synonym', 'title': 'Attack on Titan the Movie: The Last Attack'}, {'type': 'Japanese', 'title': '劇場版 進撃の巨人 完結編 THE LAST ATTACK'}, {'type': 'English', 'title': 'Attack on Titan: The Last Attack'}]",Shingeki no Kyojin Movie: Kanketsu-hen - The Last Attack,Attack on Titan: The Last Attack,劇場版 進撃の巨人 完結編 THE LAST ATTACK,['Attack on Titan the Movie: The Last Attack'],Movie,Manga,1.0,Finished Airing,False,2 hr 24 min,R - 17+ (violence & profanity),8.83,41097,33.0,2588,88208,635,A compilation movie for Shingeki no Kyojin: The Final Season - Kanketsu-hen.,,,,"[{'mal_id': 144, 'type': 'anime', 'name': 'Pony Canyon', 'url': 'https://myanimelist.net/anime/producer/144/Pony_Canyon'}]",[],"[{'mal_id': 569, 'type': 'anime', 'name': 'MAPPA', 'url': 'https://myanimelist.net/anime/producer/569/MAPPA'}]","[{'mal_id': 1, 'type': 'anime', 'name': 'Action', 'url': 'https://myanimelist.net/anime/genre/1/Action'}, {'mal_id': 8, 'type': 'anime', 'name': 'Drama', 'url': 'https://myanimelist.net/anime/genre/8/Drama'}, {'mal_id': 41, 'type': 'anime', 'name': 'Suspense', 'url': 'https://myanimelist.net/anime/genre/41/Suspense'}]",[],"[{'mal_id': 58, 'type': 'anime', 'name': 'Gore', 'url': 'https://myanimelist.net/anime/genre/58/Gore'}, {'mal_id': 38, 'type': 'anime', 'name': 'Military', 'url': 'https://myanimelist.net/anime/genre/38/Military'}, {'mal_id': 76, 'type': 'anime', 'name': 'Survival', 'url': 'https://myanimelist.net/anime/genre/76/Survival'}]","[{'mal_id': 27, 'type': 'anime', 'name': 'Shounen', 'url': 'https://myanimelist.net/anime/genre/27/Shounen'}]",https://myanimelist.net/images/anime/1379/145452.jpg,https://myanimelist.net/images/anime/1379/145452t.jpg,https://myanimelist.net/images/anime/1379/145452l.jpg,https://myanimelist.net/images/anime/1379/145452.webp,https://myanimelist.net/images/anime/1379/145452t.webp,https://myanimelist.net/images/anime/1379/145452l.webp,,,https://www.youtube-nocookie.com/embed/PuE1uRbpkTk?enablejsapi=1&wmode=opaque&autoplay=1,,,,,,2024-11-08T00:00:00+00:00,,8,11,2024,,,,"Nov 8, 2024",,,,
37987,https://myanimelist.net/anime/37987/Violet_Evergarden_Movie,True,"[{'type': 'Default', 'title': 'Violet Evergarden Movie'}, {'type': 'Synonym', 'title': 'Gekijouban Violet Evergarden'}, {'type': 'Japanese', 'title': '劇場版 ヴァイオレット・エヴァーガーデン'}, {'type': 'English', 'title': 'Violet Evergarden: The Movie'}, {'type': 'Spanish', 'title': 'Violet Evergarden: La película'}, {'type': 'French', 'title': 'Violet Evergarden: Le film'}]",Violet Evergarden Movie,Violet Evergarden: The Movie,劇場版 ヴァイオレット・エヴァーガーデン,['Gekijouban Violet Evergarden'],Movie,Light novel,1.0,Finished Airing,False,2 hr 20 min,PG-13 - Teens 13 or older,8.83,341221,34.0,322,728423,9815,"Several years have passed since the end of The Great War. As the radio tower in Leidenschaftlich continues to be built, telephones will soon become more relevant, leading to a decline in demand for ""Auto Memory Dolls."" Even so, Violet Evergarden continues to rise in fame after her constant success with writing letters. However, sometimes the one thing you long for is the one thing that does not appear.

Violet Evergarden Movie follows Violet as she continues to comprehend the concept of emotion and the meaning of love. At the same time, she pursues a glimmer of hope that the man who once told her, ""I love you,"" may still be alive even after the many years that have passed.

[Written by MAL Rewrite]",Winner of the Excellence Award at the 24th Japan Media Arts Festival. It also won the Animation of the Year award in the Film category at the Tokyo Anime Award Festival in 2021. Also the winner of the Dolby Cinema Japan Award at the 37th Tokyo International Film Festival in 2024.,,,"[{'mal_id': 109, 'type': 'anime', 'name': 'Shochiku', 'url': 'https://myanimelist.net/anime/producer/109/Shochiku'}, {'mal_id': 1500, 'type': 'anime', 'name': 'ABC Animation', 'url': 'https://myanimelist.net/anime/producer/1500/ABC_Animation'}]","[{'mal_id': 102, 'type': 'anime', 'name': 'Funimation', 'url': 'https://myanimelist.net/anime/producer/102/Funimation'}]","[{'mal_id': 2, 'type': 'anime', 'name': 'Kyoto Animation', 'url': 'https://myanimelist.net/anime/producer/2/Kyoto_Animation'}]","[{'mal_id': 46, 'type': 'anime', 'name': 'Award Winning', 'url': 'https://myanimelist.net/anime/genre/46/Award_Winning'}, {'mal_id': 8, 'type': 'anime', 'name': 'Drama', 'url': 'https://myanimelist.net/anime/genre/8/Drama'}]",[],[],[],https://myanimelist.net/images/anime/1825/110716.jpg,https://myanimelist.net/images/anime/1825/110716t.jpg,https://myanimelist.net/images/anime/1825/110716l.jpg,https://myanimelist.net/images/anime/1825/110716.webp,https://myanimelist.net/images/anime/1825/110716t.webp,https://myanimelist.net/images/anime/1825/110716l.webp,,,https://www.youtube-nocookie.com/embed/NSIzsFOfd8M?enablejsapi=1&wmode=opaque&autoplay=1,,,,,,2020-09-18T00:00:00+00:00,,18,9,2020,,,,"Sep 18, 2020",,,,
2921,https://myanimelist.net/anime/2921/Ashita_no_Joe_2,True,"[{'type': 'Default', 'title': 'Ashita no Joe 2'}, {'type': 'Synonym', 'title': 'Rocky Joe 2'}, {'type': 'Japanese', 'title': 'あしたのジョー２'}, {'type': 'English', 'title': ""Tomorrow's Joe 2""}, {'type': 'German', 'title': 'N/A'}, {'type': 'Spanish', 'title': 'El Campeón/ El mañana de Joe 2'}]",Ashita no Joe 2,Tomorrow's Joe 2,あしたのジョー２,['Rocky Joe 2'],TV,Manga,47.0,Finished Airing,False,24 min per ep,PG-13 - Teens 13 or older,8.82,26682,35.0,3025,68331,3412,"Yabuki Joe is left downhearted and hopeless after a certain tragic event. In attempt to put the past behind him, Joe leaves the gym behind and begins wandering. On his travels he comes across the likes of Wolf Kanagushi and Goromaki Gondo, men who unintentionally fan the dying embers inside him, leading him to putting his wanderings to an end. His return home puts Joe back on the path to boxing, but unknown to himself and his trainer, he now suffers deep-set issues holding him back from fighting. In attempt to quell those issues, Carlos Rivera, a world renowned boxer is invited from Venezuela to help Joe recover.",,fall,1980.0,"[{'mal_id': 583, 'type': 'anime', 'name': 'Annapuru', 'url': 'https://myanimelist.net/anime/producer/583/Annapuru'}]",[],"[{'mal_id': 65, 'type': 'anime', 'name': 'Tokyo Movie Shinsha', 'url': 'https://myanimelist.net/anime/producer/65/Tokyo_Movie_Shinsha'}]","[{'mal_id': 8, 'type': 'anime', 'name': 'Drama', 'url': 'https://myanimelist.net/anime/genre/8/Drama'}, {'mal_id': 30, 'type': 'anime', 'name': 'Sports', 'url': 'https://myanimelist.net/anime/genre/30/Sports'}]",[],"[{'mal_id': 54, 'type': 'anime', 'name': 'Combat Sports', 'url': 'https://myanimelist.net/anime/genre/54/Combat_Sports'}]","[{'mal_id': 27, 'type': 'anime', 'name': 'Shounen', 'url': 'https://myanimelist.net/anime/genre/27/Shounen'}]",https://myanimelist.net/images/anime/3/45028.jpg,https://myanimelist.net/images/anime/3/45028t.jpg,https://myanimelist.net/images/anime/3/45028l.jpg,https://myanimelist.net/images/anime/3/45028.webp,https://myanimelist.net/images/anime/3/45028t.webp,https://myanimelist.net/images/anime/3/45028l.webp,,,,,,,,,1980-10-13T00:00:00+00:00,1981-08-31T00:00:00+00:00,13,10,1980,31.0,8.0,1981.0,"Oct 13, 1980 to Aug 31, 1981",,,,Unknown
49387,https://myanimelist.net/anime/49387/Vinland_Saga_Season_2,True,"[{'type': 'Default', 'title': 'Vinland Saga Season 2'}, {'type': 'Japanese', 'title': 'ヴィンランド・サガ SEASON2'}, {'type': 'English', 'title': 'Vinland Saga Season 2'}]",Vinland Saga Season 2,Vinland Saga Season 2,ヴィンランド・サガ SEASON2,[],TV,Manga,24.0,Finished Airing,False,25 min per ep,R - 17+ (violence & profanity),8.82,484084,37.0,254,854455,20562,"After his father's death and the destruction of his village at the hands of English raiders, Einar wishes for a peaceful life with his family on their newly rebuilt farms. However, fate has other plans: his village is invaded once again. Einar watches helplessly as the marauding Danes burn his lands and slaughter his family. The invaders capture Einar and take him back to Denmark as a slave. 

Einar clings to his mother's final words to survive. He is purchased by Ketil, a kind slave owner and landlord who promises that Einar can regain his freedom in return for working in the fields. Soon, Einar encounters his new partner in farm cultivation—Thorfinn, a dejected and melancholic slave. As Einar and Thorfinn work together toward their freedom, they are haunted by both sins of the past and the ploys of the present. Yet they carry on, grasping for a glimmer of hope, redemption, and peace in a world that is nothing but unjust and unforgiving.

[Written by MAL Rewrite]","Vinland Saga Season 2 was released on Blu-ray and DVD in two volumes from June 21, 2023, to August 23, 2023.",winter,2023.0,"[{'mal_id': 53, 'type': 'anime', 'name': 'Dentsu', 'url': 'https://myanimelist.net/anime/producer/53/Dentsu'}, {'mal_id': 159, 'type': 'anime', 'name': 'Kodansha', 'url': 'https://myanimelist.net/anime/producer/159/Kodansha'}, {'mal_id': 1747, 'type': 'anime', 'name': 'Twin Engine', 'url': 'https://myanimelist.net/anime/producer/1747/Twin_Engine'}]","[{'mal_id': 1468, 'type': 'anime', 'name': 'Crunchyroll', 'url': 'https://myanimelist.net/anime/producer/1468/Crunchyroll'}]","[{'mal_id': 569, 'type': 'anime', 'name': 'MAPPA', 'url': 'https://myanimelist.net/anime/producer/569/MAPPA'}]","[{'mal_id': 1, 'type': 'anime', 'name': 'Action', 'url': 'https://myanimelist.net/anime/genre/1/Action'}, {'mal_id': 2, 'type': 'anime', 'name': 'Adventure', 'url': 'https://myanimelist.net/anime/genre/2/Adventure'}, {'mal_id': 8, 'type': 'anime', 'name': 'Drama', 'url': 'https://myanimelist.net/anime/genre/8/Drama'}]",[],"[{'mal_id': 58, 'type': 'anime', 'name': 'Gore', 'url': 'https://myanimelist.net/anime/genre/58/Gore'}, {'mal_id': 13, 'type': 'anime', 'name': 'Historical', 'url': 'https://myanimelist.net/anime/genre/13/Historical'}]","[{'mal_id': 42, 'type': 'anime', 'name': 'Seinen', 'url': 'https://myanimelist.net/anime/genre/42/Seinen'}]",https://myanimelist.net/images/anime/1170/124312.jpg,https://myanimelist.net/images/anime/1170/124312t.jpg,https://myanimelist.net/images/anime/1170/124312l.jpg,https://myanimelist.net/images/anime/1170/124312.webp,https://myanimelist.net/images/anime/1170/124312t.webp,https://myanimelist.net/images/anime/1170/124312l.webp,,,https://www.youtube-nocookie.com/embed/jBetoIlnDIM?enablejsapi=1&wmode=opaque&autoplay=1,,,,,,2023-01-10T00:00:00+00:00,2023-06-20T00:00:00+00:00,10,1,2023,20.0,6.0,2023.0,"Jan 10, 2023 to Jun 20, 2023",Tuesdays,00:30,Asia/Tokyo,Tuesdays at 00:30 (JST)
32281,https://myanimelist.net/anime/32281/Kimi_no_Na_wa,True,"[{'type': 'Default', 'title': 'Kimi no Na wa.'}, {'type': 'Japanese', 'title': '君の名は。'}, {'type': 'English', 'title': 'Your Name.'}, {'type': 'German', 'title': 'Your Name.'}, {'type': 'Spanish', 'title': 'Your Name.'}, {'type': 'French', 'title': 'Your Name.'}]",Kimi no Na wa.,Your Name.,君の名は。,[],Movie,Original,1.0,Finished Airing,False,1 hr 46 min,PG-13 - Teens 13 or older,8.82,2082537,36.0,12,3024896,95392,"Mitsuha Miyamizu, a high school girl, yearns to live the life of a boy in the bustling city of Tokyo—a dream that stands in stark contrast to her present life in the countryside. Meanwhile in the city, Taki Tachibana lives a busy life as a high school student while juggling his part-time job and hopes for a future in architecture.

One day, Mitsuha awakens in a room that is not her own and suddenly finds herself living the dream life in Tokyo—but in Taki's body! Elsewhere, Taki finds himself living Mitsuha's life in the humble countryside. In pursuit of an answer to this strange phenomenon, they begin to search for one another.

Kimi no Na wa. revolves around Mitsuha and Taki's actions, which begin to have a dramatic impact on each other's lives, weaving them into a fabric held together by fate and circumstance.

[Written by MAL Rewrite]",Kimi no Na wa. won the LAFCA Animation Award in 2016 and the Best Animated Film in 2017 by Mainichi Film Awards. It also won the Grand Prize Award on the 20th Japan Media Arts Festival.,,,"[{'mal_id': 245, 'type': 'anime', 'name': 'TOHO', 'url': 'https://myanimelist.net/anime/producer/245/TOHO'}, {'mal_id': 1294, 'type': 'anime', 'name': 'Sound Team Don Juan', 'url': 'https://myanimelist.net/anime/producer/1294/Sound_Team_Don_Juan'}, {'mal_id': 1309, 'type': 'anime', 'name': 'Lawson HMV Entertainment', 'url': 'https://myanimelist.net/anime/producer/1309/Lawson_HMV_Entertainment'}, {'mal_id': 1313, 'type': 'anime', 'name': 'Amuse', 'url': 'https://myanimelist.net/anime/producer/1313/Amuse'}, {'mal_id': 1501, 'type': 'anime', 'name': 'JR East Marketing & Communications', 'url': 'https://myanimelist.net/anime/producer/1501/JR_East_Marketing___Communications'}, {'mal_id': 1696, 'type': 'anime', 'name': 'Kadokawa', 'url': 'https://myanimelist.net/anime/producer/1696/Kadokawa'}, {'mal_id': 1929, 'type': 'anime', 'name': 'voque ting', 'url': 'https://myanimelist.net/anime/producer/1929/voque_ting'}]","[{'mal_id': 102, 'type': 'anime', 'name': 'Funimation', 'url': 'https://myanimelist.net/anime/producer/102/Funimation'}, {'mal_id': 595, 'type': 'anime', 'name': 'NYAV Post', 'url': 'https://myanimelist.net/anime/producer/595/NYAV_Post'}]","[{'mal_id': 291, 'type': 'anime', 'name': 'CoMix Wave Films', 'url': 'https://myanimelist.net/anime/producer/291/CoMix_Wave_Films'}]","[{'mal_id': 46, 'type': 'anime', 'name': 'Award Winning', 'url': 'https://myanimelist.net/anime/genre/46/Award_Winning'}, {'mal_id': 8, 'type': 'anime', 'name': 'Drama', 'url': 'https://myanimelist.net/anime/genre/8/Drama'}]",[],[],[],https://myanimelist.net/images/anime/5/87048.jpg,https://myanimelist.net/images/anime/5/87048t.jpg,https://myanimelist.net/images/anime/5/87048l.jpg,https://myanimelist.net/images/anime/5/87048.webp,https://myanimelist.net/images/anime/5/87048t.webp,https://myanimelist.net/images/anime/5/87048l.webp,,,https://www.youtube-nocookie.com/embed/3KR8_igDs1Y?enablejsapi=1&wmode=opaque&autoplay=1,,,,,,2016-08-26T00:00:00+00:00,,26,8,2016,,,,"Aug 26, 2016",,,,
36838,https://myanimelist.net/anime/36838/Gintama_Shirogane_no_Tamashii-hen,True,"[{'type': 'Default', 'title': 'Gintama. Shirogane no Tamashii-hen'}, {'type': 'Japanese', 'title': '銀魂. 銀ノ魂篇'}, {'type': 'English', 'title': 'Gintama. Silver Soul Arc'}]",Gintama. Shirogane no Tamashii-hen,Gintama. Silver Soul Arc,銀魂. 銀ノ魂篇,[],TV,Manga,12.0,Finished Airing,False,24 min per ep,PG-13 - Teens 13 or older,8.81,116326,38.0,1190,238211,1235,"After the fierce battle on Rakuyou, the untold past and true goal of the immortal Naraku leader, Utsuro, are finally revealed. By corrupting the Altana reserves of several planets, Utsuro has successfully triggered the intervention of the Tendoshuu’s greatest enemy: the Altana Liberation Army. With Earth as the main battleground in this interplanetary war, Utsuro's master plan to destroy the planet—and himself—is nearly complete. 

An attack on the O-Edo Central Terminal marks the beginning of the final battle to take back the land of the samurai. With the Yorozuya nowhere in sight, the bakufu all but collapsed, and the Shogun missing, the people are left completely helpless as the Liberation Army begins pillaging Edo in the name of freeing them from the Tendoshuu's rule. 

Caught in the crossfire between two equally imposing forces, can Gintoki, Kagura, Shinpachi, and the former students of Shouyou Yoshida put aside their differences and unite their allies to protect what they hold dear?

[Written by MAL Rewrite]",,winter,2018.0,"[{'mal_id': 16, 'type': 'anime', 'name': 'TV Tokyo', 'url': 'https://myanimelist.net/anime/producer/16/TV_Tokyo'}, {'mal_id': 17, 'type': 'anime', 'name': 'Aniplex', 'url': 'https://myanimelist.net/anime/producer/17/Aniplex'}, {'mal_id': 53, 'type': 'anime', 'name': 'Dentsu', 'url': 'https://myanimelist.net/anime/producer/53/Dentsu'}, {'mal_id': 1365, 'type': 'anime', 'name': 'Shueisha', 'url': 'https://myanimelist.net/anime/producer/1365/Shueisha'}]",[],"[{'mal_id': 1258, 'type': 'anime', 'name': 'Bandai Namco Pictures', 'url': 'https://myanimelist.net/anime/producer/1258/Bandai_Namco_Pictures'}]","[{'mal_id': 1, 'type': 'anime', 'name': 'Action', 'url': 'https://myanimelist.net/anime/genre/1/Action'}, {'mal_id': 4, 'type': 'anime', 'name': 'Comedy', 'url': 'https://myanimelist.net/anime/genre/4/Comedy'}, {'mal_id': 24, 'type': 'anime', 'name': 'Sci-Fi', 'url': 'https://myanimelist.net/anime/genre/24/Sci-Fi'}]",[],"[{'mal_id': 57, 'type': 'anime', 'name': 'Gag Humor', 'url': 'https://myanimelist.net/anime/genre/57/Gag_Humor'}, {'mal_id': 13, 'type': 'anime', 'name': 'Historical', 'url': 'https://myanimelist.net/anime/genre/13/Historical'}, {'mal_id': 20, 'type': 'anime', 'name': 'Parody', 'url': 'https://myanimelist.net/anime/genre/20/Parody'}, {'mal_id': 21, 'type': 'anime', 'name': 'Samurai', 'url': 'https://myanimelist.net/anime/genre/21/Samurai'}]","[{'mal_id': 27, 'type': 'anime', 'name': 'Shounen', 'url': 'https://myanimelist.net/anime/genre/27/Shounen'}]",https://myanimelist.net/images/anime/12/89603.jpg,https://myanimelist.net/images/anime/12/89603t.jpg,https://myanimelist.net/images/anime/12/89603l.jpg,https://myanimelist.net/images/anime/12/89603.webp,https://myanimelist.net/images/anime/12/89603t.webp,https://myanimelist.net/images/anime/12/89603l.webp,,,https://www.youtube-nocookie.com/embed/vcb-D3FlaCg?enablejsapi=1&wmode=opaque&autoplay=1,,,,,,2018-01-08T00:00:00+00:00,2018-03-26T00:00:00+00:00,8,1,2018,26.0,3.0,2018.0,"Jan 8, 2018 to Mar 26, 2018",Mondays,01:35,Asia/Tokyo,Mondays at 01:35 (JST)
40028,https://myanimelist.net/anime/40028/Shingeki_no_Kyojin__The_Final_Season,True,"[{'type': 'Default', 'title': 'Shingeki no Kyojin: The Final Season'}, {'type': 'Synonym', 'title': 'Shingeki no Kyojin Season 4'}, {'type': 'Synonym', 'title': 'Attack on Titan Season 4'}, {'type': 'Japanese', 'title': '進撃の巨人 The Final Season'}, {'type': 'English', 'title': 'Attack on Titan: Final Season'}, {'type': 'German', 'title': 'Attack on Titan Final Season'}, {'type': 'Spanish', 'title': 'Ataque a los Titanes Temporada Final'}, {'type': 'French', 'title': ""L'Attaque des Titans Saison Finale""}]",Shingeki no Kyojin: The Final Season,Attack on Titan: Final Season,進撃の巨人 The Final Season,"['Shingeki no Kyojin Season 4', 'Attack on Titan Season 4']",TV,Manga,16.0,Finished Airing,False,23 min per ep,R - 17+ (violence & profanity),8.79,1521710,39.0,30,2287274,54018,"Gabi Braun and Falco Grice have been training their entire lives to inherit one of the seven Titans under Marley's control and aid their nation in eradicating the Eldians on Paradis. However, just as all seems well for the two cadets, their peace is suddenly shaken by the arrival of Eren Yeager and the remaining members of the Survey Corps.

Having finally reached the Yeager family basement and learned about the dark history surrounding the Titans, the Survey Corps has at long last found the answer they so desperately fought to uncover. With the truth now in their hands, the group set out for the world beyond the walls.

In Shingeki no Kyojin: The Final Season, two utterly different worlds collide as each party pursues its own agenda in the long-awaited conclusion to Paradis' fight for freedom.

[Written by MAL Rewrite]",Shingeki no Kyojin: The Final Season adapts content from volumes 23-28 of Hajime Isayama's award-winning manga.,winter,2021.0,"[{'mal_id': 10, 'type': 'anime', 'name': 'Production I.G', 'url': 'https://myanimelist.net/anime/producer/10/Production_IG'}, {'mal_id': 53, 'type': 'anime', 'name': 'Dentsu', 'url': 'https://myanimelist.net/anime/producer/53/Dentsu'}, {'mal_id': 143, 'type': 'anime', 'name': 'Mainichi Broadcasting System', 'url': 'https://myanimelist.net/anime/producer/143/Mainichi_Broadcasting_System'}, {'mal_id': 144, 'type': 'anime', 'name': 'Pony Canyon', 'url': 'https://myanimelist.net/anime/producer/144/Pony_Canyon'}, {'mal_id': 159, 'type': 'anime', 'name': 'Kodansha', 'url': 'https://myanimelist.net/anime/producer/159/Kodansha'}, {'mal_id': 1499, 'type': 'anime', 'name': 'Techno Sound', 'url': 'https://myanimelist.net/anime/producer/1499/Techno_Sound'}, {'mal_id': 1557, 'type': 'anime', 'name': 'Pony Canyon Enterprises', 'url': 'https://myanimelist.net/anime/producer/1557/Pony_Canyon_Enterprises'}]","[{'mal_id': 102, 'type': 'anime', 'name': 'Funimation', 'url': 'https://myanimelist.net/anime/producer/102/Funimation'}]","[{'mal_id': 569, 'type': 'anime', 'name': 'MAPPA', 'url': 'https://myanimelist.net/anime/producer/569/MAPPA'}]","[{'mal_id': 1, 'type': 'anime', 'name': 'Action', 'url': 'https://myanimelist.net/anime/genre/1/Action'}, {'mal_id': 8, 'type': 'anime', 'name': 'Drama', 'url': 'https://myanimelist.net/anime/genre/8/Drama'}, {'mal_id': 41, 'type': 'anime', 'name': 'Suspense', 'url': 'https://myanimelist.net/anime/genre/41/Suspense'}]",[],"[{'mal_id': 58, 'type': 'anime', 'name': 'Gore', 'url': 'https://myanimelist.net/anime/genre/58/Gore'}, {'mal_id': 38, 'type': 'anime', 'name': 'Military', 'url': 'https://myanimelist.net/anime/genre/38/Military'}, {'mal_id': 76, 'type': 'anime', 'name': 'Survival', 'url': 'https://myanimelist.net/anime/genre/76/Survival'}]","[{'mal_id': 27, 'type': 'anime', 'name': 'Shounen', 'url': 'https://myanimelist.net/anime/genre/27/Shounen'}]",https://myanimelist.net/images/anime/1000/110531.jpg,https://myanimelist.net/images/anime/1000/110531t.jpg,https://myanimelist.net/images/anime/1000/110531l.jpg,https://myanimelist.net/images/anime/1000/110531.webp,https://myanimelist.net/images/anime/1000/110531t.webp,https://myanimelist.net/images/anime/1000/110531l.webp,,,https://www.youtube-nocookie.com/embed/SlNpRThS9t8?enablejsapi=1&wmode=opaque&autoplay=1,,,,,,2020-12-07T00:00:00+00:00,2021-03-29T00:00:00+00:00,7,12,2020,29.0,3.0,2021.0,"Dec 7, 2020 to Mar 29, 2021",Mondays,00:10,Asia/Tokyo,Mondays at 00:10 (JST)
37510,https://myanimelist.net/anime/37510/Mob_Psycho_100_II,True,"[{'type': 'Default', 'title': 'Mob Psycho 100 II'}, {'type': 'Synonym', 'title': 'Mob Psycho 100 2nd Season'}, {'type': 'Synonym', 'title': 'Mob Psycho Hyaku'}, {'type': 'Synonym', 'title': 'Mob Psycho One Hundred'}, {'type': 'Japanese', 'title': 'モブサイコ100 II'}, {'type': 'English', 'title': 'Mob Psycho 100 II'}]",Mob Psycho 100 II,Mob Psycho 100 II,モブサイコ100 II,"['Mob Psycho 100 2nd Season', 'Mob Psycho Hyaku', 'Mob Psycho One Hundred']",TV,Web manga,13.0,Finished Airing,False,24 min per ep,PG-13 - Teens 13 or older,8.78,1089539,42.0,73,1725703,33827,"Shigeo ""Mob"" Kageyama is now maturing and understanding his role as a supernatural psychic that has the power to drastically affect the livelihood of others. He and his mentor Reigen Arataka continue to deal with supernatural requests from clients, whether it be exorcizing evil spirits or tackling urban legends that haunt the citizens.

While the workflow remains the same, Mob isn't just blindly following Reigen around anymore. With all his experiences as a ridiculously strong psychic, Mob's supernatural adventures now have more weight to them. Things take on a serious and darker tone as the dangers Mob and Reigen face are much more tangible and unsettling than ever before.

[Written by MAL Rewrite]",,winter,2019.0,"[{'mal_id': 415, 'type': 'anime', 'name': 'Warner Bros. Japan', 'url': 'https://myanimelist.net/anime/producer/415/Warner_Bros_Japan'}, {'mal_id': 460, 'type': 'anime', 'name': 'KlockWorx', 'url': 'https://myanimelist.net/anime/producer/460/KlockWorx'}, {'mal_id': 843, 'type': 'anime', 'name': 'BS Fuji', 'url': 'https://myanimelist.net/anime/producer/843/BS_Fuji'}, {'mal_id': 1333, 'type': 'anime', 'name': 'Hakuhodo DY Music & Pictures', 'url': 'https://myanimelist.net/anime/producer/1333/Hakuhodo_DY_Music___Pictures'}, {'mal_id': 1430, 'type': 'anime', 'name': 'Shogakukan', 'url': 'https://myanimelist.net/anime/producer/1430/Shogakukan'}]","[{'mal_id': 102, 'type': 'anime', 'name': 'Funimation', 'url': 'https://myanimelist.net/anime/producer/102/Funimation'}]","[{'mal_id': 4, 'type': 'anime', 'name': 'Bones', 'url': 'https://myanimelist.net/anime/producer/4/Bones'}]","[{'mal_id': 1, 'type': 'anime', 'name': 'Action', 'url': 'https://myanimelist.net/anime/genre/1/Action'}, {'mal_id': 4, 'type': 'anime', 'name': 'Comedy', 'url': 'https://myanimelist.net/anime/genre/4/Comedy'}, {'mal_id': 37, 'type': 'anime', 'name': 'Supernatural', 'url': 'https://myanimelist.net/anime/genre/37/Supernatural'}]",[],[],[],https://myanimelist.net/images/anime/1918/96303.jpg,https://myanimelist.net/images/anime/1918/96303t.jpg,https://myanimelist.net/images/anime/1918/96303l.jpg,https://myanimelist.net/images/anime/1918/96303.webp,https://myanimelist.net/images/anime/1918/96303t.webp,https://myanimelist.net/images/anime/1918/96303l.webp,,,https://www.youtube-nocookie.com/embed/Pr43Sayk37s?enablejsapi=1&wmode=opaque&autoplay=1,,,,,,2019-01-07T00:00:00+00:00,2019-04-01T00:00:00+00:00,7,1,2019,1.0,4.0,2019.0,"Jan 7, 2019 to Apr 1, 2019",Mondays,23:00,Asia/Tokyo,Mondays at 23:00 (JST)
31758,https://myanimelist.net/anime/31758/Kizumonogatari_III__Reiketsu-hen,True,"[{'type': 'Default', 'title': 'Kizumonogatari III: Reiketsu-hen'}, {'type': 'Synonym', 'title': 'Koyomi Vamp'}, {'type': 'Japanese', 'title': '傷物語〈Ⅲ冷血篇〉'}, {'type': 'English', 'title': 'Kizumonogatari Part 3: Cold-Blooded'}, {'type': 'German', 'title': 'Kizumonogatari III: Reiketsuhen'}, {'type': 'French', 'title': 'Kizumonogatari Partie 3: Sang Glacial'}]",Kizumonogatari III: Reiketsu-hen,Kizumonogatari Part 3: Cold-Blooded,傷物語〈Ⅲ冷血篇〉,['Koyomi Vamp'],Movie,Light novel,1.0,Finished Airing,False,1 hr 22 min,R - 17+ (violence & profanity),8.78,298919,41.0,501,513262,8228,"After helping revive the legendary vampire Kiss-shot Acerola-orion Heart-under-blade, Koyomi Araragi has become a vampire himself and her servant. Kiss-shot is certain she can turn him back into a human, but only once regaining her full power. 

Araragi has hunted down the three vampire hunters that defeated Kiss-shot and retrieved her limbs to return her to full strength. However, now that Araragi has almost accomplished what he’s been fighting for this whole time, he has to consider if this is what he really wants. Once he revives this powerful immortal vampire, there is no telling what she might do, and there would be no way of stopping her.

But there is more to the story that Araragi doesn’t understand. If a newborn vampire like him could defeat the hunters, how did they overpower Kiss-shot? Can he trust her to turn him back to a human? And how is that even possible in the first place?

Araragi is at his limit but he must come to a decision, and it may not be possible to resolve this situation without doing something he’ll regret…

[Written by MAL Rewrite]",The Kizumonogatari movie trilogy adapts the third volume of NisiOisiN's Monogatari Series: First Season.,,,"[{'mal_id': 17, 'type': 'anime', 'name': 'Aniplex', 'url': 'https://myanimelist.net/anime/producer/17/Aniplex'}, {'mal_id': 159, 'type': 'anime', 'name': 'Kodansha', 'url': 'https://myanimelist.net/anime/producer/159/Kodansha'}]","[{'mal_id': 493, 'type': 'anime', 'name': 'Aniplex of America', 'url': 'https://myanimelist.net/anime/producer/493/Aniplex_of_America'}]","[{'mal_id': 44, 'type': 'anime', 'name': 'Shaft', 'url': 'https://myanimelist.net/anime/producer/44/Shaft'}]","[{'mal_id': 1, 'type': 'anime', 'name': 'Action', 'url': 'https://myanimelist.net/anime/genre/1/Action'}, {'mal_id': 7, 'type': 'anime', 'name': 'Mystery', 'url': 'https://myanimelist.net/anime/genre/7/Mystery'}, {'mal_id': 37, 'type': 'anime', 'name': 'Supernatural', 'url': 'https://myanimelist.net/anime/genre/37/Supernatural'}]",[],"[{'mal_id': 32, 'type': 'anime', 'name': 'Vampire', 'url': 'https://myanimelist.net/anime/genre/32/Vampire'}]",[],https://myanimelist.net/images/anime/1084/112813.jpg,https://myanimelist.net/images/anime/1084/112813t.jpg,https://myanimelist.net/images/anime/1084/112813l.jpg,https://myanimelist.net/images/anime/1084/112813.webp,https://myanimelist.net/images/anime/1084/112813t.webp,https://myanimelist.net/images/anime/1084/112813l.webp,,,https://www.youtube-nocookie.com/embed/4nTLr6Uf9Ug?enablejsapi=1&wmode=opaque&autoplay=1,,,,,,2017-01-06T00:00:00+00:00,,6,1,2017,,,,"Jan 6, 2017",,,,
37521,https://myanimelist.net/anime/37521/Vinland_Saga,True,"[{'type': 'Default', 'title': 'Vinland Saga'}, {'type': 'Japanese', 'title': 'ヴィンランド・サガ'}]",Vinland Saga,,ヴィンランド・サガ,[],TV,Manga,24.0,Finished Airing,False,24 min per ep,R - 17+ (violence & profanity),8.78,1062093,43.0,61,1819400,57288,"Young Thorfinn grew up listening to the stories of old sailors that had traveled the ocean and reached the place of legend, Vinland. It's said to be warm and fertile, a place where there would be no need for fighting—not at all like the frozen village in Iceland where he was born, and certainly not like his current life as a mercenary. War is his home now. Though his father once told him, ""You have no enemies, nobody does. There is nobody who it's okay to hurt,"" as he grew, Thorfinn knew that nothing was further from the truth.

The war between England and the Danes grows worse with each passing year. Death has become commonplace, and the viking mercenaries are loving every moment of it. Allying with either side will cause a massive swing in the balance of power, and the vikings are happy to make names for themselves and take any spoils they earn along the way. Among the chaos, Thorfinn must take his revenge and kill Askeladd, the man who murdered his father. The only paradise for the vikings, it seems, is the era of war and death that rages on.

[Written by MAL Rewrite]",,summer,2019.0,"[{'mal_id': 10, 'type': 'anime', 'name': 'Production I.G', 'url': 'https://myanimelist.net/anime/producer/10/Production_IG'}, {'mal_id': 53, 'type': 'anime', 'name': 'Dentsu', 'url': 'https://myanimelist.net/anime/producer/53/Dentsu'}, {'mal_id': 159, 'type': 'anime', 'name': 'Kodansha', 'url': 'https://myanimelist.net/anime/producer/159/Kodansha'}, {'mal_id': 1747, 'type': 'anime', 'name': 'Twin Engine', 'url': 'https://myanimelist.net/anime/producer/1747/Twin_Engine'}]","[{'mal_id': 376, 'type': 'anime', 'name': 'Sentai Filmworks', 'url': 'https://myanimelist.net/anime/producer/376/Sentai_Filmworks'}]","[{'mal_id': 858, 'type': 'anime', 'name': 'Wit Studio', 'url': 'https://myanimelist.net/anime/producer/858/Wit_Studio'}]","[{'mal_id': 1, 'type': 'anime', 'name': 'Action', 'url': 'https://myanimelist.net/anime/genre/1/Action'}, {'mal_id': 2, 'type': 'anime', 'name': 'Adventure', 'url': 'https://myanimelist.net/anime/genre/2/Adventure'}, {'mal_id': 8, 'type': 'anime', 'name': 'Drama', 'url': 'https://myanimelist.net/anime/genre/8/Drama'}]",[],"[{'mal_id': 58, 'type': 'anime', 'name': 'Gore', 'url': 'https://myanimelist.net/anime/genre/58/Gore'}, {'mal_id': 13, 'type': 'anime', 'name': 'Historical', 'url': 'https://myanimelist.net/anime/genre/13/Historical'}]","[{'mal_id': 42, 'type': 'anime', 'name': 'Seinen', 'url': 'https://myanimelist.net/anime/genre/42/Seinen'}]",https://myanimelist.net/images/anime/1500/103005.jpg,https://myanimelist.net/images/anime/1500/103005t.jpg,https://myanimelist.net/images/anime/1500/103005l.jpg,https://myanimelist.net/images/anime/1500/103005.webp,https://myanimelist.net/images/anime/1500/103005t.webp,https://myanimelist.net/images/anime/1500/103005l.webp,,,https://www.youtube-nocookie.com/embed/f8JrZ7Q_p-8?enablejsapi=1&wmode=opaque&autoplay=1,,,,,,2019-07-08T00:00:00+00:00,2019-12-30T00:00:00+00:00,8,7,2019,30.0,12.0,2019.0,"Jul 8, 2019 to Dec 30, 2019",Mondays,00:10,Asia/Tokyo,Mondays at 00:10 (JST)
263,https://myanimelist.net/anime/263/Hajime_no_Ippo,True,"[{'type': 'Default', 'title': 'Hajime no Ippo'}, {'type': 'Synonym', 'title': 'The First Step'}, {'type': 'Synonym', 'title': 'Hajime no Ippo: The Fighting'}, {'type': 'Japanese', 'title': 'はじめの一歩 THE FIGHTING!'}, {'type': 'English', 'title': 'Fighting Spirit'}, {'type': 'Spanish', 'title': 'Hajime no Ippo: Espíritu de Lucha'}, {'type': 'French', 'title': 'IPPO Le Challenger'}]",Hajime no Ippo,Fighting Spirit,はじめの一歩 THE FIGHTING!,"['The First Step', 'Hajime no Ippo: The Fighting']",TV,Manga,75.0,Finished Airing,False,23 min per ep,PG-13 - Teens 13 or older,8.78,343005,40.0,347,694317,25254,"In his father's absence, teenager Ippo Makunouchi works hard to help his mother run her fishing boat rental business. Ippo's timid nature, his lack of sleep, and the sea smell make him an easy target for relentless bullies who leave him bruised and beaten on a daily basis. Mamoru Takamura, an up-and-coming boxer, rescues Ippo from a violent after-school incident and takes him back to the Kamogawa Boxing Gym for recovery. Takamura and his fellow boxers, Masaru Aoki and Tatsuya Kimura, are stunned by Ippo's powerful punches—a result of strong muscles developed through years serving his physically taxing family business. 

Following brief training under Takamura, Ippo impresses the other boxers in a practice match against prodigy Ichirou Miyata. He gains a rival in Miyata and a coach in Genji Kamogawa, the gym owner and a former boxer himself. As Ippo takes the first steps in his official boxing career, he faces off against a series of challenging opponents, each more powerful than the last. Victory, loss, and a cycle of dedicated training await Ippo on his journey to achieve greatness. With his tough body and unstoppable fighting spirit, the kind young man seeks to take on the world.

[Written by MAL Rewrite]",,fall,2000.0,"[{'mal_id': 29, 'type': 'anime', 'name': 'VAP', 'url': 'https://myanimelist.net/anime/producer/29/VAP'}]","[{'mal_id': 467, 'type': 'anime', 'name': 'Discotek Media', 'url': 'https://myanimelist.net/anime/producer/467/Discotek_Media'}, {'mal_id': 1459, 'type': 'anime', 'name': 'Geneon Entertainment USA', 'url': 'https://myanimelist.net/anime/producer/1459/Geneon_Entertainment_USA'}]","[{'mal_id': 11, 'type': 'anime', 'name': 'Madhouse', 'url': 'https://myanimelist.net/anime/producer/11/Madhouse'}]","[{'mal_id': 30, 'type': 'anime', 'name': 'Sports', 'url': 'https://myanimelist.net/anime/genre/30/Sports'}]",[],"[{'mal_id': 54, 'type': 'anime', 'name': 'Combat Sports', 'url': 'https://myanimelist.net/anime/genre/54/Combat_Sports'}]","[{'mal_id': 27, 'type': 'anime', 'name': 'Shounen', 'url': 'https://myanimelist.net/anime/genre/27/Shounen'}]",https://myanimelist.net/images/anime/4/86334.jpg,https://myanimelist.net/images/anime/4/86334t.jpg,https://myanimelist.net/images/anime/4/86334l.jpg,https://myanimelist.net/images/anime/4/86334.webp,https://myanimelist.net/images/anime/4/86334t.webp,https://myanimelist.net/images/anime/4/86334l.webp,,,,,,,,,2000-10-04T00:00:00+00:00,2002-03-27T00:00:00+00:00,4,10,2000,27.0,3.0,2002.0,"Oct 4, 2000 to Mar 27, 2002",Tuesdays,00:50,Asia/Tokyo,Tuesdays at 00:50 (JST)
58788,https://myanimelist.net/anime/58788/Ikoku_Nikki,True,"[{'type': 'Default', 'title': 'Ikoku Nikki'}, {'type': 'Synonym', 'title': 'Different Country Diary'}, {'type': 'Synonym', 'title': 'Foreign Country Diary'}, {'type': 'Japanese', 'title': '違国日記'}, {'type': 'English', 'title': 'Journal with Witch'}]",Ikoku Nikki,Journal with Witch,違国日記,"['Different Country Diary', 'Foreign Country Diary']",TV,Manga,13.0,Finished Airing,False,23 min per ep,PG-13 - Teens 13 or older,8.77,35999,45.0,2296,106389,1707,"Thirty-five-year-old novelist Makio Koudai never had a good relationship with her older sister Minori, who always berated her for being different. Due to this, Makio is not stricken with grief upon hearing the news that Minori and her husband died in a car crash. But when Makio is asked to identify their bodies, she runs into her 15-year-old niece, Asa Takumi, whom she has not seen in years.

As Asa struggles to process her parents' death, Makio reassures her that her complicated feelings are valid and suggests that the teenager start writing in a diary as a way to cope with the loss. Upon learning that no other relatives wanted to take in Asa, Makio decides to become her guardian despite her lack of experience. In a world full of uncertainty, the novelist and teenager must learn to live with each other while figuring themselves out.

[Written by MAL Rewrite]",,winter,2026.0,"[{'mal_id': 144, 'type': 'anime', 'name': 'Pony Canyon', 'url': 'https://myanimelist.net/anime/producer/144/Pony_Canyon'}, {'mal_id': 166, 'type': 'anime', 'name': 'Movic', 'url': 'https://myanimelist.net/anime/producer/166/Movic'}, {'mal_id': 1041, 'type': 'anime', 'name': 'Ai Addiction', 'url': 'https://myanimelist.net/anime/producer/1041/Ai_Addiction'}, {'mal_id': 1211, 'type': 'anime', 'name': 'Tokyo MX', 'url': 'https://myanimelist.net/anime/producer/1211/Tokyo_MX'}, {'mal_id': 1500, 'type': 'anime', 'name': 'ABC Animation', 'url': 'https://myanimelist.net/anime/producer/1500/ABC_Animation'}, {'mal_id': 2185, 'type': 'anime', 'name': 'BS Asahi', 'url': 'https://myanimelist.net/anime/producer/2185/BS_Asahi'}]",[],"[{'mal_id': 1119, 'type': 'anime', 'name': 'Shuka', 'url': 'https://myanimelist.net/anime/producer/1119/Shuka'}]","[{'mal_id': 8, 'type': 'anime', 'name': 'Drama', 'url': 'https://myanimelist.net/anime/genre/8/Drama'}]",[],[],"[{'mal_id': 43, 'type': 'anime', 'name': 'Josei', 'url': 'https://myanimelist.net/anime/genre/43/Josei'}]",https://myanimelist.net/images/anime/1791/154233.jpg,https://myanimelist.net/images/anime/1791/154233t.jpg,https://myanimelist.net/images/anime/1791/154233l.jpg,https://myanimelist.net/images/anime/1791/154233.webp,https://myanimelist.net/images/anime/1791/154233t.webp,https://myanimelist.net/images/anime/1791/154233l.webp,,,https://www.youtube-nocookie.com/embed/DX6mmkoByyc?enablejsapi=1&wmode=opaque&autoplay=1,,,,,,2026-01-04T00:00:00+00:00,2026-03-29T00:00:00+00:00,4,1,2026,29.0,3.0,2026.0,"Jan 4, 2026 to Mar 29, 2026",Sundays,23:00,Asia/Tokyo,Sundays at 23:00 (JST)
32935,https://myanimelist.net/anime/32935/Haikyuu_Karasuno_Koukou_vs_Shiratorizawa_Gakuen_Koukou,True,"[{'type': 'Default', 'title': 'Haikyuu!! Karasuno Koukou vs. Shiratorizawa Gakuen Koukou'}, {'type': 'Synonym', 'title': 'Haikyuu!! Third Season'}, {'type': 'Synonym', 'title': 'Haikyuu!! Karasuno High VS Shiratorizawa Academy'}, {'type': 'Japanese', 'title': 'ハイキュー!! 烏野高校 VS 白鳥沢学園高校'}, {'type': 'English', 'title': 'Haikyu!! 3rd Season'}, {'type': 'German', 'title': 'Haikyuu!!Staffel 3 Karasuno vs. Shiratorizawa'}, {'type': 'Spanish', 'title': 'Haikyu!! Los Ases del Vóley Temporada 3'}, {'type': 'French', 'title': 'Haikyuu!! Saison 3'}]",Haikyuu!! Karasuno Koukou vs. Shiratorizawa Gakuen Koukou,Haikyu!! 3rd Season,ハイキュー!! 烏野高校 VS 白鳥沢学園高校,"['Haikyuu!! Third Season', 'Haikyuu!! Karasuno High VS Shiratorizawa Academy']",TV,Manga,10.0,Finished Airing,False,24 min per ep,PG-13 - Teens 13 or older,8.77,874478,44.0,116,1327318,15997,"After the victory against Aoba Jousai High, Karasuno High School, once called “a fallen powerhouse, a crow that can’t fly,” has finally reached the climax of the heated Spring tournament. Now, to advance to nationals, the Karasuno team has to defeat the powerhouse Shiratorizawa Academy. Karasuno’s greatest hurdle is their adversary’s ace, Wakatoshi Ushijima, the number one player in the Miyagi Prefecture, and one of the country’s top three aces.

Only the strongest team will make it to the national tournament. Since this match is the third-year players’ last chance to qualify for nationals, Karasuno has to use everything they learned during the training camp and prior matches to attain victory. Filled with restlessness and excitement, both teams are determined to come out on top in the third season of Haikyuu!!.

[Written by MAL Rewrite]",,fall,2016.0,"[{'mal_id': 53, 'type': 'anime', 'name': 'Dentsu', 'url': 'https://myanimelist.net/anime/producer/53/Dentsu'}, {'mal_id': 143, 'type': 'anime', 'name': 'Mainichi Broadcasting System', 'url': 'https://myanimelist.net/anime/producer/143/Mainichi_Broadcasting_System'}, {'mal_id': 166, 'type': 'anime', 'name': 'Movic', 'url': 'https://myanimelist.net/anime/producer/166/Movic'}, {'mal_id': 757, 'type': 'anime', 'name': 'Sony Music Entertainment', 'url': 'https://myanimelist.net/anime/producer/757/Sony_Music_Entertainment'}, {'mal_id': 1143, 'type': 'anime', 'name': 'TOHO animation', 'url': 'https://myanimelist.net/anime/producer/1143/TOHO_animation'}, {'mal_id': 1365, 'type': 'anime', 'name': 'Shueisha', 'url': 'https://myanimelist.net/anime/producer/1365/Shueisha'}]","[{'mal_id': 376, 'type': 'anime', 'name': 'Sentai Filmworks', 'url': 'https://myanimelist.net/anime/producer/376/Sentai_Filmworks'}]","[{'mal_id': 10, 'type': 'anime', 'name': 'Production I.G', 'url': 'https://myanimelist.net/anime/producer/10/Production_IG'}]","[{'mal_id': 30, 'type': 'anime', 'name': 'Sports', 'url': 'https://myanimelist.net/anime/genre/30/Sports'}]",[],"[{'mal_id': 23, 'type': 'anime', 'name': 'School', 'url': 'https://myanimelist.net/anime/genre/23/School'}, {'mal_id': 77, 'type': 'anime', 'name': 'Team Sports', 'url': 'https://myanimelist.net/anime/genre/77/Team_Sports'}]","[{'mal_id': 27, 'type': 'anime', 'name': 'Shounen', 'url': 'https://myanimelist.net/anime/genre/27/Shounen'}]",https://myanimelist.net/images/anime/7/81992.jpg,https://myanimelist.net/images/anime/7/81992t.jpg,https://myanimelist.net/images/anime/7/81992l.jpg,https://myanimelist.net/images/anime/7/81992.webp,https://myanimelist.net/images/anime/7/81992t.webp,https://myanimelist.net/images/anime/7/81992l.webp,,,https://www.youtube-nocookie.com/embed/kJfU5boNUIE?enablejsapi=1&wmode=opaque&autoplay=1,,,,,,2016-10-08T00:00:00+00:00,2016-12-10T00:00:00+00:00,8,10,2016,10.0,12.0,2016.0,"Oct 8, 2016 to Dec 10, 2016",Saturdays,01:55,Asia/Tokyo,Saturdays at 01:55 (JST)
199,https://myanimelist.net/anime/199/Sen_to_Chihiro_no_Kamikakushi,True,"[{'type': 'Default', 'title': 'Sen to Chihiro no Kamikakushi'}, {'type': 'Synonym', 'title': ""Sen and Chihiro's Spiriting Away""}, {'type': 'Japanese', 'title': '千と千尋の神隠し'}, {'type': 'English', 'title': 'Spirited Away'}, {'type': 'German', 'title': 'Chihiros Reise ins Zauberland'}, {'type': 'Spanish', 'title': 'El viaje de Chihiro'}, {'type': 'French', 'title': 'Le Voyage de Chihiro'}]",Sen to Chihiro no Kamikakushi,Spirited Away,千と千尋の神隠し,"[""Sen and Chihiro's Spiriting Away""]",Movie,Original,1.0,Finished Airing,False,2 hr 4 min,PG - Children,8.77,1412594,46.0,44,2027673,35087,"Stubborn, spoiled, and naïve, 10-year-old Chihiro Ogino is less than pleased when she and her parents discover an abandoned amusement park on the way to their new house. Cautiously venturing inside, she realizes that there is more to this place than meets the eye, as strange things begin to happen once dusk falls. Ghostly apparitions and food that turns her parents into pigs are just the start—Chihiro has unwittingly crossed over into the spirit world. Now trapped, she must summon the courage to live and work amongst spirits, with the help of the enigmatic Haku and the cast of unique characters she meets along the way.

Vivid and intriguing, Sen to Chihiro no Kamikakushi tells the story of Chihiro's journey through an unfamiliar world as she strives to save her parents and return home.

[Written by MAL Rewrite]","Sen to Chihiro no Kamikakushi held the record of being the highest-grossing film in Japanese history from 2001 until 2020. As of December 2020, it has amassed a total of 31.68 billion yen from Japanese box office sales and a total of $395.8 million worldwide. This critically acclaimed film has won numerous awards, including the Academy Award—more commonly known as the ""Oscar""—for Best Animated Feature at the 75th Academy Awards in 2003 as well as the Golden Bear at the 2002 Berlin International Film Festival (alongside Bloody Sunday). It is also among the top 10 in the British Film Institute's list of the ""50 films you should see by the age of 14."" The English version of Sen to Chihiro no Kamikakushi was dubbed by Walt Disney Pictures and premiered in 2002. The film was released on DVD and VHS formats in North America by Buena Vista Home Entertainment in 2003.",,,"[{'mal_id': 53, 'type': 'anime', 'name': 'Dentsu', 'url': 'https://myanimelist.net/anime/producer/53/Dentsu'}, {'mal_id': 245, 'type': 'anime', 'name': 'TOHO', 'url': 'https://myanimelist.net/anime/producer/245/TOHO'}, {'mal_id': 382, 'type': 'anime', 'name': 'Tokuma Shoten', 'url': 'https://myanimelist.net/anime/producer/382/Tokuma_Shoten'}, {'mal_id': 577, 'type': 'anime', 'name': 'Tohokushinsha Film Corporation', 'url': 'https://myanimelist.net/anime/producer/577/Tohokushinsha_Film_Corporation'}, {'mal_id': 1003, 'type': 'anime', 'name': 'Nippon Television Network', 'url': 'https://myanimelist.net/anime/producer/1003/Nippon_Television_Network'}, {'mal_id': 1564, 'type': 'anime', 'name': 'Mitsubishi', 'url': 'https://myanimelist.net/anime/producer/1564/Mitsubishi'}]","[{'mal_id': 417, 'type': 'anime', 'name': 'Disney Platform Distribution', 'url': 'https://myanimelist.net/anime/producer/417/Disney_Platform_Distribution'}, {'mal_id': 783, 'type': 'anime', 'name': 'GKIDS', 'url': 'https://myanimelist.net/anime/producer/783/GKIDS'}]","[{'mal_id': 21, 'type': 'anime', 'name': 'Studio Ghibli', 'url': 'https://myanimelist.net/anime/producer/21/Studio_Ghibli'}]","[{'mal_id': 2, 'type': 'anime', 'name': 'Adventure', 'url': 'https://myanimelist.net/anime/genre/2/Adventure'}, {'mal_id': 46, 'type': 'anime', 'name': 'Award Winning', 'url': 'https://myanimelist.net/anime/genre/46/Award_Winning'}, {'mal_id': 10, 'type': 'anime', 'name': 'Fantasy', 'url': 'https://myanimelist.net/anime/genre/10/Fantasy'}]",[],"[{'mal_id': 6, 'type': 'anime', 'name': 'Mythology', 'url': 'https://myanimelist.net/anime/genre/6/Mythology'}]",[],https://myanimelist.net/images/anime/6/79597.jpg,https://myanimelist.net/images/anime/6/79597t.jpg,https://myanimelist.net/images/anime/6/79597l.jpg,https://myanimelist.net/images/anime/6/79597.webp,https://myanimelist.net/images/anime/6/79597t.webp,https://myanimelist.net/images/anime/6/79597l.webp,,,https://www.youtube-nocookie.com/embed/ByXuk9QqQkk?enablejsapi=1&wmode=opaque&autoplay=1,,,,,,2001-07-20T00:00:00+00:00,,20,7,2001,,,,"Jul 20, 2001",,,,
48583,https://myanimelist.net/anime/48583/Shingeki_no_Kyojin__The_Final_Season_Part_2,True,"[{'type': 'Default', 'title': 'Shingeki no Kyojin: The Final Season Part 2'}, {'type': 'Synonym', 'title': 'Shingeki no Kyojin Season 4'}, {'type': 'Synonym', 'title': 'Attack on Titan Season 4'}, {'type': 'Japanese', 'title': '進撃の巨人 The Final Season Part 2'}, {'type': 'English', 'title': 'Attack on Titan: Final Season Part 2'}]",Shingeki no Kyojin: The Final Season Part 2,Attack on Titan: Final Season Part 2,進撃の巨人 The Final Season Part 2,"['Shingeki no Kyojin Season 4', 'Attack on Titan Season 4']",TV,Manga,12.0,Finished Airing,False,23 min per ep,R - 17+ (violence & profanity),8.77,933152,47.0,88,1558626,32384,"Turning against his former allies and enemies alike, Eren Yeager sets a disastrous plan in motion. Under the guidance of the Beast Titan, Zeke, Eren takes extreme measures to end the ancient conflict between Marley and Eldia—but his true intentions remain a mystery. Delving deep into his family's past, Eren fights to control his own destiny.

Meanwhile, the long-feuding nations of Marley and Eldia utilize both soldiers and Titans in a brutal race to eliminate the other. Reiner Braun uses his own powers in a desperate bid to hold off Eren's own militaristic force, and his fellow Eldians—children Falco Grice and Gabi Braun—struggle to survive in the unfolding chaos.

Elsewhere, Eren's childhood friends Mikasa Ackerman and Armin Arlert remain imprisoned alongside Eren's former Survey Corps companions, all disturbed by Eren's monstrous transformation. Under the blind belief that Eren still secretly harbors good intentions, Mikasa and the others enter the fray in an attempt to save their friend's very soul.

[Written by MAL Rewrite]",Shingeki no Kyojin: The Final Season Part 2 adapts content from volumes 29-32 of the original manga.,winter,2022.0,"[{'mal_id': 10, 'type': 'anime', 'name': 'Production I.G', 'url': 'https://myanimelist.net/anime/producer/10/Production_IG'}, {'mal_id': 53, 'type': 'anime', 'name': 'Dentsu', 'url': 'https://myanimelist.net/anime/producer/53/Dentsu'}, {'mal_id': 143, 'type': 'anime', 'name': 'Mainichi Broadcasting System', 'url': 'https://myanimelist.net/anime/producer/143/Mainichi_Broadcasting_System'}, {'mal_id': 144, 'type': 'anime', 'name': 'Pony Canyon', 'url': 'https://myanimelist.net/anime/producer/144/Pony_Canyon'}, {'mal_id': 159, 'type': 'anime', 'name': 'Kodansha', 'url': 'https://myanimelist.net/anime/producer/159/Kodansha'}, {'mal_id': 1557, 'type': 'anime', 'name': 'Pony Canyon Enterprises', 'url': 'https://myanimelist.net/anime/producer/1557/Pony_Canyon_Enterprises'}]","[{'mal_id': 102, 'type': 'anime', 'name': 'Funimation', 'url': 'https://myanimelist.net/anime/producer/102/Funimation'}]","[{'mal_id': 569, 'type': 'anime', 'name': 'MAPPA', 'url': 'https://myanimelist.net/anime/producer/569/MAPPA'}]","[{'mal_id': 1, 'type': 'anime', 'name': 'Action', 'url': 'https://myanimelist.net/anime/genre/1/Action'}, {'mal_id': 8, 'type': 'anime', 'name': 'Drama', 'url': 'https://myanimelist.net/anime/genre/8/Drama'}, {'mal_id': 41, 'type': 'anime', 'name': 'Suspense', 'url': 'https://myanimelist.net/anime/genre/41/Suspense'}]",[],"[{'mal_id': 58, 'type': 'anime', 'name': 'Gore', 'url': 'https://myanimelist.net/anime/genre/58/Gore'}, {'mal_id': 38, 'type': 'anime', 'name': 'Military', 'url': 'https://myanimelist.net/anime/genre/38/Military'}, {'mal_id': 76, 'type': 'anime', 'name': 'Survival', 'url': 'https://myanimelist.net/anime/genre/76/Survival'}]","[{'mal_id': 27, 'type': 'anime', 'name': 'Shounen', 'url': 'https://myanimelist.net/anime/genre/27/Shounen'}]",https://myanimelist.net/images/anime/1948/120625.jpg,https://myanimelist.net/images/anime/1948/120625t.jpg,https://myanimelist.net/images/anime/1948/120625l.jpg,https://myanimelist.net/images/anime/1948/120625.webp,https://myanimelist.net/images/anime/1948/120625t.webp,https://myanimelist.net/images/anime/1948/120625l.webp,,,https://www.youtube-nocookie.com/embed/EIVVnLlhzr0?enablejsapi=1&wmode=opaque&autoplay=1,,,,,,2022-01-10T00:00:00+00:00,2022-04-04T00:00:00+00:00,10,1,2022,4.0,4.0,2022.0,"Jan 10, 2022 to Apr 4, 2022",Mondays,00:05,Asia/Tokyo,Mondays at 00:05 (JST)
51553,https://myanimelist.net/anime/51553/Tongari_Boushi_no_Atelier,True,"[{'type': 'Default', 'title': 'Tongari Boushi no Atelier'}, {'type': 'Synonym', 'title': 'Atelier of Witch Hat'}, {'type': 'Japanese', 'title': 'とんがり帽子のアトリエ'}, {'type': 'English', 'title': 'Witch Hat Atelier'}]",Tongari Boushi no Atelier,Witch Hat Atelier,とんがり帽子のアトリエ,['Atelier of Witch Hat'],TV,Manga,13.0,Currently Airing,True,23 min per ep,PG-13 - Teens 13 or older,8.76,36756,49.0,1106,254094,2490,"Coco, a humble dressmaker's daughter, has always been fascinated by magic and the witches who cast it, despite the strict precautions they take to hide their methods from the public. However, when Coco takes advantage of a golden chance to spy on the skilled witch Qifrey, she realizes that her favorite picture book was a disguised magic book all along! In her excitement, she immediately starts testing out the various spells.

When a spell causes a disaster in her home, Qifrey rescues her just in time and decides to train her, realizing that she is the first lead he has found that could help him track down the Brimmed Caps—a dangerous group of heretics who experiment with forbidden body-altering magic and spread magical artifacts among the commoners. But before Coco and Qifrey can confront the Brimmed Caps, she is going to have to improve her magical skills and learn to get along with Qifrey's other apprentices. 

[Written by MAL Rewrite]","Beginning with episode 2, each episode was streamed one week in advance of the TV broadcast starting on April 6, 2026, on Abema. Regular broadcasting began on April 6, 2026.",spring,2026.0,"[{'mal_id': 159, 'type': 'anime', 'name': 'Kodansha', 'url': 'https://myanimelist.net/anime/producer/159/Kodansha'}, {'mal_id': 1284, 'type': 'anime', 'name': 'Avex Pictures', 'url': 'https://myanimelist.net/anime/producer/1284/Avex_Pictures'}, {'mal_id': 1468, 'type': 'anime', 'name': 'Crunchyroll', 'url': 'https://myanimelist.net/anime/producer/1468/Crunchyroll'}, {'mal_id': 1747, 'type': 'anime', 'name': 'Twin Engine', 'url': 'https://myanimelist.net/anime/producer/1747/Twin_Engine'}, {'mal_id': 1856, 'type': 'anime', 'name': 'dugout', 'url': 'https://myanimelist.net/anime/producer/1856/dugout'}]",[],"[{'mal_id': 2674, 'type': 'anime', 'name': 'BUG FILMS', 'url': 'https://myanimelist.net/anime/producer/2674/BUG_FILMS'}]","[{'mal_id': 10, 'type': 'anime', 'name': 'Fantasy', 'url': 'https://myanimelist.net/anime/genre/10/Fantasy'}]",[],[],"[{'mal_id': 42, 'type': 'anime', 'name': 'Seinen', 'url': 'https://myanimelist.net/anime/genre/42/Seinen'}]",https://myanimelist.net/images/anime/1726/155542.jpg,https://myanimelist.net/images/anime/1726/155542t.jpg,https://myanimelist.net/images/anime/1726/155542l.jpg,https://myanimelist.net/images/anime/1726/155542.webp,https://myanimelist.net/images/anime/1726/155542t.webp,https://myanimelist.net/images/anime/1726/155542l.webp,,,https://www.youtube-nocookie.com/embed/d1reryPOMX0?enablejsapi=1&wmode=opaque&autoplay=1,,,,,,2026-04-06T00:00:00+00:00,,6,4,2026,,,,"Apr 6, 2026 to ?",Mondays,23:00,Asia/Tokyo,Mondays at 23:00 (JST)
17074,https://myanimelist.net/anime/17074/Monogatari_Series__Second_Season,True,"[{'type': 'Default', 'title': 'Monogatari Series: Second Season'}, {'type': 'Synonym', 'title': 'Nekomonogatari: Shiro'}, {'type': 'Synonym', 'title': 'Kabukimonogatari'}, {'type': 'Synonym', 'title': 'Otorimonogatari'}, {'type': 'Synonym', 'title': 'Onimonogatari'}, {'type': 'Synonym', 'title': 'Koimonogatari'}, {'type': 'Japanese', 'title': '〈物語〉シリーズ セカンドシーズン'}, {'type': 'English', 'title': 'Monogatari Series: Second Season'}, {'type': 'French', 'title': 'Monogatari Seconde Saison'}]",Monogatari Series: Second Season,Monogatari Series: Second Season,〈物語〉シリーズ セカンドシーズン,"['Nekomonogatari: Shiro', 'Kabukimonogatari', 'Otorimonogatari', 'Onimonogatari', 'Koimonogatari']",TV,Light novel,26.0,Finished Airing,False,25 min per ep,R - 17+ (violence & profanity),8.76,380710,48.0,328,719452,24330,"Apparitions, oddities, and gods continue to manifest around Koyomi Araragi and his close-knit group of friends: Tsubasa Hanekawa, the group's modest genius; Shinobu Oshino, the resident doughnut-loving vampire; athletic deviant Suruga Kanbaru; bite-happy spirit Mayoi Hachikuji; Koyomi's cute admirer Nadeko Sengoku; and Hitagi Senjougahara, Koyomi's eclectic girlfriend.

A new semester has begun and with graduation looming over Koyomi, he must quickly decide the paths he will walk, as well as the relationships he will form and friends that he will save. But as strange events begin to unfold, Koyomi is nowhere to be found, and a vicious tiger apparition has appeared in his absence. Hanekawa has become its target, and she quickly finds she must fend for herself.

[Written by MAL Rewrite]","Monogatari Series: Second Season adapts all but the third volume of NisiOisiN's light novel series of the same title. The third volume's adaptation, Hanamonogatari, was aired separately in August 2014. The complete Blu-ray release includes each arc under its novel title and places Hanamonogatari between episodes 11 and 12 of Monogatari Series: Second Season to reflect the original novel order.",summer,2013.0,"[{'mal_id': 17, 'type': 'anime', 'name': 'Aniplex', 'url': 'https://myanimelist.net/anime/producer/17/Aniplex'}, {'mal_id': 159, 'type': 'anime', 'name': 'Kodansha', 'url': 'https://myanimelist.net/anime/producer/159/Kodansha'}, {'mal_id': 1099, 'type': 'anime', 'name': 'Cyclone Graphics', 'url': 'https://myanimelist.net/anime/producer/1099/Cyclone_Graphics'}]","[{'mal_id': 493, 'type': 'anime', 'name': 'Aniplex of America', 'url': 'https://myanimelist.net/anime/producer/493/Aniplex_of_America'}]","[{'mal_id': 44, 'type': 'anime', 'name': 'Shaft', 'url': 'https://myanimelist.net/anime/producer/44/Shaft'}]","[{'mal_id': 4, 'type': 'anime', 'name': 'Comedy', 'url': 'https://myanimelist.net/anime/genre/4/Comedy'}, {'mal_id': 7, 'type': 'anime', 'name': 'Mystery', 'url': 'https://myanimelist.net/anime/genre/7/Mystery'}, {'mal_id': 22, 'type': 'anime', 'name': 'Romance', 'url': 'https://myanimelist.net/anime/genre/22/Romance'}, {'mal_id': 37, 'type': 'anime', 'name': 'Supernatural', 'url': 'https://myanimelist.net/anime/genre/37/Supernatural'}]",[],"[{'mal_id': 32, 'type': 'anime', 'name': 'Vampire', 'url': 'https://myanimelist.net/anime/genre/32/Vampire'}]",[],https://myanimelist.net/images/anime/1807/121534.jpg,https://myanimelist.net/images/anime/1807/121534t.jpg,https://myanimelist.net/images/anime/1807/121534l.jpg,https://myanimelist.net/images/anime/1807/121534.webp,https://myanimelist.net/images/anime/1807/121534t.webp,https://myanimelist.net/images/anime/1807/121534l.webp,,,https://www.youtube-nocookie.com/embed/YrAdRp69BBY?enablejsapi=1&wmode=opaque&autoplay=1,,,,,,2013-07-07T00:00:00+00:00,2013-12-29T00:00:00+00:00,7,7,2013,29.0,12.0,2013.0,"Jul 7, 2013 to Dec 29, 2013",Sundays,00:00,Asia/Tokyo,Sundays at 00:00 (JST)
60489,https://myanimelist.net/anime/60489/Takopii_no_Genzai,True,"[{'type': 'Default', 'title': 'Takopii no Genzai'}, {'type': 'Japanese', 'title': 'タコピーの原罪'}, {'type': 'English', 'title': ""Takopi's Original Sin""}]",Takopii no Genzai,Takopi's Original Sin,タコピーの原罪,[],ONA,Manga,6.0,Finished Airing,False,26 min per ep,R - 17+ (violence & profanity),8.75,175348,51.0,894,316297,6670,"A squid-like creature, known as a Happian, leaves his home planet with the desire to spread happiness across the universe. He lands on Earth, but quickly finds himself in danger of captivity by its inhabitants. Fortunately, he is found by an unsmiling little girl named Shizuka Kuze, who feeds him and names him Takopii. Feeling indebted, Takopii decides to do everything in his power to bring a smile to her face.

The task is easier said than done, however. Shizuka is bullied by her classmates, she does not have a father, and her mother is never home—though the gravity of these issues flies over the naive Takopii's head. Even so, Shizuka does have one source of happiness: her dog Chappy. The connection Shizuka and Chappy share only increases Takopii's desire to make the girl smile.

While Takopii's attempts to lift Shizuka's spirits lead to unintended consequences, he is determined to take things into his own tentacles, test his understanding of human beings, and achieve his goal of spreading happiness.

[Written by MAL Rewrite]",,,,"[{'mal_id': 145, 'type': 'anime', 'name': 'TBS', 'url': 'https://myanimelist.net/anime/producer/145/TBS'}, {'mal_id': 166, 'type': 'anime', 'name': 'Movic', 'url': 'https://myanimelist.net/anime/producer/166/Movic'}, {'mal_id': 306, 'type': 'anime', 'name': 'Magic Capsule', 'url': 'https://myanimelist.net/anime/producer/306/Magic_Capsule'}, {'mal_id': 460, 'type': 'anime', 'name': 'KlockWorx', 'url': 'https://myanimelist.net/anime/producer/460/KlockWorx'}, {'mal_id': 1261, 'type': 'anime', 'name': 'Good Smile Company', 'url': 'https://myanimelist.net/anime/producer/1261/Good_Smile_Company'}, {'mal_id': 1390, 'type': 'anime', 'name': ""Toy's Factory"", 'url': 'https://myanimelist.net/anime/producer/1390/Toys_Factory'}, {'mal_id': 2229, 'type': 'anime', 'name': 'Toho Music', 'url': 'https://myanimelist.net/anime/producer/2229/Toho_Music'}]",[],"[{'mal_id': 1991, 'type': 'anime', 'name': 'Enishiya', 'url': 'https://myanimelist.net/anime/producer/1991/Enishiya'}]","[{'mal_id': 8, 'type': 'anime', 'name': 'Drama', 'url': 'https://myanimelist.net/anime/genre/8/Drama'}, {'mal_id': 24, 'type': 'anime', 'name': 'Sci-Fi', 'url': 'https://myanimelist.net/anime/genre/24/Sci-Fi'}]",[],"[{'mal_id': 40, 'type': 'anime', 'name': 'Psychological', 'url': 'https://myanimelist.net/anime/genre/40/Psychological'}, {'mal_id': 78, 'type': 'anime', 'name': 'Time Travel', 'url': 'https://myanimelist.net/anime/genre/78/Time_Travel'}]","[{'mal_id': 27, 'type': 'anime', 'name': 'Shounen', 'url': 'https://myanimelist.net/anime/genre/27/Shounen'}]",https://myanimelist.net/images/anime/1182/149879.jpg,https://myanimelist.net/images/anime/1182/149879t.jpg,https://myanimelist.net/images/anime/1182/149879l.jpg,https://myanimelist.net/images/anime/1182/149879.webp,https://myanimelist.net/images/anime/1182/149879t.webp,https://myanimelist.net/images/anime/1182/149879l.webp,,,https://www.youtube-nocookie.com/embed/SUhYB0W7gM0?enablejsapi=1&wmode=opaque&autoplay=1,,,,,,2025-06-28T00:00:00+00:00,2025-08-02T00:00:00+00:00,28,6,2025,2.0,8.0,2025.0,"Jun 28, 2025 to Aug 2, 2025",,,,
1,https://myanimelist.net/anime/1/Cowboy_Bebop,True,"[{'type': 'Default', 'title': 'Cowboy Bebop'}, {'type': 'Japanese', 'title': 'カウボーイビバップ'}, {'type': 'English', 'title': 'Cowboy Bebop'}]",Cowboy Bebop,Cowboy Bebop,カウボーイビバップ,[],TV,Original,26.0,Finished Airing,False,24 min per ep,R - 17+ (violence & profanity),8.75,1061393,50.0,41,2055373,89584,"Crime is timeless. By the year 2071, humanity has expanded across the galaxy, filling the surface of other planets with settlements like those on Earth. These new societies are plagued by murder, drug use, and theft, and intergalactic outlaws are hunted by a growing number of tough bounty hunters.

Spike Spiegel and Jet Black pursue criminals throughout space to make a humble living. Beneath his goofy and aloof demeanor, Spike is haunted by the weight of his violent past. Meanwhile, Jet manages his own troubled memories while taking care of Spike and the Bebop, their ship. The duo is joined by the beautiful con artist Faye Valentine, odd child Edward Wong Hau Pepelu Tivrusky IV, and Ein, a bioengineered Welsh corgi.

While developing bonds and working to catch a colorful cast of criminals, the Bebop crew's lives are disrupted by a menace from Spike's past. As a rival's maniacal plot continues to unravel, Spike must choose between life with his newfound family or revenge for his old wounds.

[Written by MAL Rewrite]","When Cowboy Bebop first aired in spring of 1998 on TV Tokyo, only episodes 2-3, 7-15, and 18 were broadcast, it was concluded with a recap special known as Yose Atsume Blues. This was due to anime censorship having increased following the big controversies over Evangelion, as a result most of the series was pulled from the air due to violent content. Satellite channel WOWOW picked up the series in the fall of that year and aired it in its entirety uncensored. Cowboy Bebop was not a ratings hit in Japan, but sold over 19,000 DVD units in the initial release run, and 81,000 overall. Protagonist Spike Spiegel won Best Male Character, and Megumi Hayashibara won Best Voice Actor for her role as Faye Valentine in the 1999 and 2000 Anime Grand Prix, respectively. Cowboy Bebop's biggest influence has been in the United States, where it premiered on Adult Swim in 2001 with many reruns since. The show's heavy Western influence struck a chord with American viewers, where it became a ""gateway drug"" to anime aimed at adult audiences.",spring,1998.0,"[{'mal_id': 23, 'type': 'anime', 'name': 'Bandai Visual', 'url': 'https://myanimelist.net/anime/producer/23/Bandai_Visual'}, {'mal_id': 123, 'type': 'anime', 'name': 'Victor Entertainment', 'url': 'https://myanimelist.net/anime/producer/123/Victor_Entertainment'}, {'mal_id': 1506, 'type': 'anime', 'name': 'Audio Planning U', 'url': 'https://myanimelist.net/anime/producer/1506/Audio_Planning_U'}]","[{'mal_id': 102, 'type': 'anime', 'name': 'Funimation', 'url': 'https://myanimelist.net/anime/producer/102/Funimation'}]","[{'mal_id': 14, 'type': 'anime', 'name': 'Sunrise', 'url': 'https://myanimelist.net/anime/producer/14/Sunrise'}]","[{'mal_id': 1, 'type': 'anime', 'name': 'Action', 'url': 'https://myanimelist.net/anime/genre/1/Action'}, {'mal_id': 46, 'type': 'anime', 'name': 'Award Winning', 'url': 'https://myanimelist.net/anime/genre/46/Award_Winning'}, {'mal_id': 24, 'type': 'anime', 'name': 'Sci-Fi', 'url': 'https://myanimelist.net/anime/genre/24/Sci-Fi'}]",[],"[{'mal_id': 50, 'type': 'anime', 'name': 'Adult Cast', 'url': 'https://myanimelist.net/anime/genre/50/Adult_Cast'}, {'mal_id': 29, 'type': 'anime', 'name': 'Space', 'url': 'https://myanimelist.net/anime/genre/29/Space'}]",[],https://myanimelist.net/images/anime/4/19644.jpg,https://myanimelist.net/images/anime/4/19644t.jpg,https://myanimelist.net/images/anime/4/19644l.jpg,https://myanimelist.net/images/anime/4/19644.webp,https://myanimelist.net/images/anime/4/19644t.webp,https://myanimelist.net/images/anime/4/19644l.webp,,,https://www.youtube-nocookie.com/embed/gY5nDXOtv_o?enablejsapi=1&wmode=opaque&autoplay=1,,,,,,1998-04-03T00:00:00+00:00,1999-04-24T00:00:00+00:00,3,4,1998,24.0,4.0,1999.0,"Apr 3, 1998 to Apr 24, 1999",Saturdays,01:00,Asia/Tokyo,Saturdays at 01:00 (JST)
39894,https://myanimelist.net/anime/39894/Hibike_Euphonium_3,True,"[{'type': 'Default', 'title': 'Hibike! Euphonium 3'}, {'type': 'Synonym', 'title': 'Hibike! Euphonium Third Season'}, {'type': 'Japanese', 'title': '響け！ユーフォニアム3'}, {'type': 'English', 'title': 'Sound! Euphonium 3'}]",Hibike! Euphonium 3,Sound! Euphonium 3,響け！ユーフォニアム3,['Hibike! Euphonium Third Season'],TV,Novel,13.0,Finished Airing,False,24 min per ep,PG-13 - Teens 13 or older,8.73,39242,53.0,2419,98354,2165,"With the ensemble contest behind them, the members of the Kitauji High School concert band now aim to win a gold medal at the national competition. For third-year club president Kumiko Oumae and her friends, it is their last chance before graduation. Filled with anticipation and anxiety, Kumiko worries if she can successfully lead the band.

Amid her struggles, Kumiko encounters transfer student Mayu Kuroe. From her gentle demeanor to her talented euphonium skills, Mayu was a member of the Seira Girls' School concert band—a regular at nationals. While Mayu is friendly, Kumiko cannot help but have an indescribable feeling from their meeting.

As new members arrive and plans are set in motion, the club, with an insatiable hunger for a gold medal, learns what it truly takes to propel themselves to reach the national level.

[Written by MAL Rewrite]",,spring,2024.0,"[{'mal_id': 104, 'type': 'anime', 'name': 'Lantis', 'url': 'https://myanimelist.net/anime/producer/104/Lantis'}, {'mal_id': 144, 'type': 'anime', 'name': 'Pony Canyon', 'url': 'https://myanimelist.net/anime/producer/144/Pony_Canyon'}, {'mal_id': 211, 'type': 'anime', 'name': 'Rakuonsha', 'url': 'https://myanimelist.net/anime/producer/211/Rakuonsha'}, {'mal_id': 1500, 'type': 'anime', 'name': 'ABC Animation', 'url': 'https://myanimelist.net/anime/producer/1500/ABC_Animation'}, {'mal_id': 2147, 'type': 'anime', 'name': 'Heart Company', 'url': 'https://myanimelist.net/anime/producer/2147/Heart_Company'}, {'mal_id': 2425, 'type': 'anime', 'name': 'Bandai Namco Music Live', 'url': 'https://myanimelist.net/anime/producer/2425/Bandai_Namco_Music_Live'}]",[],"[{'mal_id': 2, 'type': 'anime', 'name': 'Kyoto Animation', 'url': 'https://myanimelist.net/anime/producer/2/Kyoto_Animation'}]","[{'mal_id': 8, 'type': 'anime', 'name': 'Drama', 'url': 'https://myanimelist.net/anime/genre/8/Drama'}]",[],"[{'mal_id': 19, 'type': 'anime', 'name': 'Music', 'url': 'https://myanimelist.net/anime/genre/19/Music'}, {'mal_id': 70, 'type': 'anime', 'name': 'Performing Arts', 'url': 'https://myanimelist.net/anime/genre/70/Performing_Arts'}, {'mal_id': 23, 'type': 'anime', 'name': 'School', 'url': 'https://myanimelist.net/anime/genre/23/School'}]",[],https://myanimelist.net/images/anime/1216/142086.jpg,https://myanimelist.net/images/anime/1216/142086t.jpg,https://myanimelist.net/images/anime/1216/142086l.jpg,https://myanimelist.net/images/anime/1216/142086.webp,https://myanimelist.net/images/anime/1216/142086t.webp,https://myanimelist.net/images/anime/1216/142086l.webp,,,https://www.youtube-nocookie.com/embed/dzSh0bjmUVA?enablejsapi=1&wmode=opaque&autoplay=1,,,,,,2024-04-07T00:00:00+00:00,2024-06-30T00:00:00+00:00,7,4,2024,30.0,6.0,2024.0,"Apr 7, 2024 to Jun 30, 2024",Sundays,17:00,Asia/Tokyo,Sundays at 17:00 (JST)
47917,https://myanimelist.net/anime/47917/Bocchi_the_Rock,True,"[{'type': 'Default', 'title': 'Bocchi the Rock!'}, {'type': 'Japanese', 'title': 'ぼっち・ざ・ろっく！'}, {'type': 'English', 'title': 'Bocchi the Rock!'}]",Bocchi the Rock!,Bocchi the Rock!,ぼっち・ざ・ろっく！,[],TV,4-koma manga,12.0,Finished Airing,False,23 min per ep,PG-13 - Teens 13 or older,8.73,478304,52.0,292,791105,36696,"Yearning to make friends and perform live with a band, lonely and socially anxious Hitori ""Bocchi"" Gotou devotes her time to playing the guitar. On a fateful day, Bocchi meets the outgoing drummer Nijika Ijichi, who invites her to join Kessoku Band when their guitarist, Ikuyo Kita, flees before their first show. Soon after, Bocchi meets her final bandmate—the cool bassist Ryou Yamada. 

Although their first performance together is subpar, the girls feel empowered by their shared love for music, and they are soon rejoined by Kita. Finding happiness in performing, Bocchi and her bandmates put their hearts into improving as musicians while making the most of their fleeting high school days.

[Written by MAL Rewrite]","Bocchi the Rock! was released on Blu-ray and DVD in six volumes from December 28, 2022, to May 24, 2023.",fall,2022.0,"[{'mal_id': 17, 'type': 'anime', 'name': 'Aniplex', 'url': 'https://myanimelist.net/anime/producer/17/Aniplex'}, {'mal_id': 797, 'type': 'anime', 'name': 'Houbunsha', 'url': 'https://myanimelist.net/anime/producer/797/Houbunsha'}]","[{'mal_id': 1468, 'type': 'anime', 'name': 'Crunchyroll', 'url': 'https://myanimelist.net/anime/producer/1468/Crunchyroll'}]","[{'mal_id': 1835, 'type': 'anime', 'name': 'CloverWorks', 'url': 'https://myanimelist.net/anime/producer/1835/CloverWorks'}]","[{'mal_id': 4, 'type': 'anime', 'name': 'Comedy', 'url': 'https://myanimelist.net/anime/genre/4/Comedy'}]",[],"[{'mal_id': 52, 'type': 'anime', 'name': 'CGDCT', 'url': 'https://myanimelist.net/anime/genre/52/CGDCT'}, {'mal_id': 19, 'type': 'anime', 'name': 'Music', 'url': 'https://myanimelist.net/anime/genre/19/Music'}]",[],https://myanimelist.net/images/anime/1448/127956.jpg,https://myanimelist.net/images/anime/1448/127956t.jpg,https://myanimelist.net/images/anime/1448/127956l.jpg,https://myanimelist.net/images/anime/1448/127956.webp,https://myanimelist.net/images/anime/1448/127956t.webp,https://myanimelist.net/images/anime/1448/127956l.webp,,,https://www.youtube-nocookie.com/embed/1-o7fmQqSNg?enablejsapi=1&wmode=opaque&autoplay=1,,,,,,2022-10-09T00:00:00+00:00,2022-12-25T00:00:00+00:00,9,10,2022,25.0,12.0,2022.0,"Oct 9, 2022 to Dec 25, 2022",Sundays,00:00,Asia/Tokyo,Sundays at 00:00 (JST)
50160,https://myanimelist.net/anime/50160/Kingdom_4th_Season,True,"[{'type': 'Default', 'title': 'Kingdom 4th Season'}, {'type': 'Japanese', 'title': 'キングダム 第4シリーズ'}, {'type': 'English', 'title': 'Kingdom Season 4'}]",Kingdom 4th Season,Kingdom Season 4,キングダム 第4シリーズ,[],TV,Manga,26.0,Finished Airing,False,24 min per ep,R - 17+ (violence & profanity),8.73,40996,54.0,2544,90648,1206,"Following the conclusion of the large-scale coalition campaign, the entirety of China is in a state of economic recovery. The victor of the battle, the state of Qin, is no different. There, the political parties led by Ying Zheng and Buwei Lü continue their inner conflict. Having played the role of king in the coalition battle, Zheng has the trust of the people—but Lü is far from out of the fight. In 18 months, he plans to interrupt Zheng's coming-of-age ceremony.

Meanwhile, a Zhao army numbering 20,000 troops has set out toward Qin. In the royal court, due to the lack of generals capable of responding to the incoming threat, Lü slyly suggests that Zheng take command. However, Cheng Jiao, Zheng's half-brother, volunteers instead. As they grew to trust each other during the coalition battle, Zheng now accepts Jiao as his replacement.

However, the Zhao forces retreat a mere half-day after clashing with Jiao's army. With trouble quickly brewing in the shadows, the internal struggle of Qin is only complicated further. There are only two men Zheng feels he can rely on: Bi, a general who commands 30,000 men; and Xin, the leader of the Fei Xin force.

[Written by MAL Rewrite]","Kingdom 4th Season adapts chapters 364-441 of the original manga. Kingdom 4th Season was released on Blu-ray in three volumes from August 26, 2022 to November 25, 2022.",spring,2022.0,"[{'mal_id': 1284, 'type': 'anime', 'name': 'Avex Pictures', 'url': 'https://myanimelist.net/anime/producer/1284/Avex_Pictures'}, {'mal_id': 1365, 'type': 'anime', 'name': 'Shueisha', 'url': 'https://myanimelist.net/anime/producer/1365/Shueisha'}, {'mal_id': 1797, 'type': 'anime', 'name': 'NHK Enterprises', 'url': 'https://myanimelist.net/anime/producer/1797/NHK_Enterprises'}]",[],"[{'mal_id': 1, 'type': 'anime', 'name': 'Studio Pierrot', 'url': 'https://myanimelist.net/anime/producer/1/Studio_Pierrot'}, {'mal_id': 1998, 'type': 'anime', 'name': 'Studio Signpost', 'url': 'https://myanimelist.net/anime/producer/1998/Studio_Signpost'}]","[{'mal_id': 1, 'type': 'anime', 'name': 'Action', 'url': 'https://myanimelist.net/anime/genre/1/Action'}]",[],"[{'mal_id': 13, 'type': 'anime', 'name': 'Historical', 'url': 'https://myanimelist.net/anime/genre/13/Historical'}, {'mal_id': 38, 'type': 'anime', 'name': 'Military', 'url': 'https://myanimelist.net/anime/genre/38/Military'}]","[{'mal_id': 42, 'type': 'anime', 'name': 'Seinen', 'url': 'https://myanimelist.net/anime/genre/42/Seinen'}]",https://myanimelist.net/images/anime/1566/122794.jpg,https://myanimelist.net/images/anime/1566/122794t.jpg,https://myanimelist.net/images/anime/1566/122794l.jpg,https://myanimelist.net/images/anime/1566/122794.webp,https://myanimelist.net/images/anime/1566/122794t.webp,https://myanimelist.net/images/anime/1566/122794l.webp,,,https://www.youtube-nocookie.com/embed/qv8eDYnEIQ4?enablejsapi=1&wmode=opaque&autoplay=1,,,,,,2022-04-10T00:00:00+00:00,2022-10-02T00:00:00+00:00,10,4,2022,2.0,10.0,2022.0,"Apr 10, 2022 to Oct 2, 2022",Sundays,00:00,Asia/Tokyo,Sundays at 00:00 (JST)
21,https://myanimelist.net/anime/21/One_Piece,True,"[{'type': 'Default', 'title': 'One Piece'}, {'type': 'Synonym', 'title': 'OP'}, {'type': 'Japanese', 'title': 'ONE PIECE'}, {'type': 'English', 'title': 'One Piece'}]",One Piece,One Piece,ONE PIECE,['OP'],TV,Manga,,Currently Airing,True,24 min,PG-13 - Teens 13 or older,8.73,1528740,55.0,17,2677236,251747,"Barely surviving in a barrel after passing through a terrible whirlpool at sea, carefree Monkey D. Luffy ends up aboard a ship under attack by fearsome pirates. Despite being a naive-looking teenager, he is not to be underestimated. Unmatched in battle, Luffy is a pirate himself who resolutely pursues the coveted One Piece treasure and the King of the Pirates title that comes with it.

The late King of the Pirates, Gol D. Roger, stirred up the world before his death by disclosing the whereabouts of his hoard of riches and daring everyone to obtain it. Ever since then, countless powerful pirates have sailed dangerous seas for the prized One Piece only to never return. Although Luffy lacks a crew and a proper ship, he is endowed with a superhuman ability and an unbreakable spirit that make him not only a formidable adversary but also an inspiration to many.

As he faces numerous challenges with a big smile on his face, Luffy gathers one-of-a-kind companions to join him in his ambitious endeavor, together embracing perils and wonders on their once-in-a-lifetime adventure.

[Written by MAL Rewrite]","The anime had a hiatus from October 13, 2024, to April 6, 2025. The anime switched to a seasonal release model starting from April 5, 2026. The airing time was Wednesdays 19:00 between October 20, 1999 - March 2001. The airing time was changed to Sundays 19:30 between April 2001 - December 2004. The airing time was changed to Sundays 9:30 between October 6, 2006 - October 13, 2024. The airing time was again changed to Sundays 23:15 on April 6, 2025. Several anime-original arcs have been adapted into light novels, and the series has inspired 50+ video games as of 2023. In June 2004, One Piece was licensed in North America by 4Kids Entertainment, which partnered with Viz Media for home video distribution. As One Piece proved unsuitable for their target demographic, 4Kids Entertainment censored the show to meet their standards, and, in December 2006, they stopped its production. In April 2007, Funimation took over the series licensing, providing an uncut version that remained faithful to the original release. In Japan, the anime's first 574 episodes were released exclusively on DVD by Avex Pictures from February 21, 2001, to December 4, 2013. Blu-rays also became available with the DVDs starting on January 8, 2014. In North America, Viz Media released the anime on DVD between February 28, 2006, and June 26, 2007. Funimation has re-released and continued the series since May 27, 2008. From March 23, 2021, the DVDs were accompanied by Blu-rays as well.",fall,1999.0,"[{'mal_id': 169, 'type': 'anime', 'name': 'Fuji TV', 'url': 'https://myanimelist.net/anime/producer/169/Fuji_TV'}, {'mal_id': 416, 'type': 'anime', 'name': 'TAP', 'url': 'https://myanimelist.net/anime/producer/416/TAP'}]","[{'mal_id': 102, 'type': 'anime', 'name': 'Funimation', 'url': 'https://myanimelist.net/anime/producer/102/Funimation'}, {'mal_id': 252, 'type': 'anime', 'name': '4Kids Entertainment', 'url': 'https://myanimelist.net/anime/producer/252/4Kids_Entertainment'}]","[{'mal_id': 18, 'type': 'anime', 'name': 'Toei Animation', 'url': 'https://myanimelist.net/anime/producer/18/Toei_Animation'}]","[{'mal_id': 1, 'type': 'anime', 'name': 'Action', 'url': 'https://myanimelist.net/anime/genre/1/Action'}, {'mal_id': 2, 'type': 'anime', 'name': 'Adventure', 'url': 'https://myanimelist.net/anime/genre/2/Adventure'}, {'mal_id': 10, 'type': 'anime', 'name': 'Fantasy', 'url': 'https://myanimelist.net/anime/genre/10/Fantasy'}]",[],[],"[{'mal_id': 27, 'type': 'anime', 'name': 'Shounen', 'url': 'https://myanimelist.net/anime/genre/27/Shounen'}]",https://myanimelist.net/images/anime/1244/138851.jpg,https://myanimelist.net/images/anime/1244/138851t.jpg,https://myanimelist.net/images/anime/1244/138851l.jpg,https://myanimelist.net/images/anime/1244/138851.webp,https://myanimelist.net/images/anime/1244/138851t.webp,https://myanimelist.net/images/anime/1244/138851l.webp,,,https://www.youtube-nocookie.com/embed/-tviZNY6CSw?enablejsapi=1&wmode=opaque&autoplay=1,,,,,,1999-10-20T00:00:00+00:00,,20,10,1999,,,,"Oct 20, 1999 to ?",Sundays,23:15,Asia/Tokyo,Sundays at 23:15 (JST)
55016,https://myanimelist.net/anime/55016/Idol,True,"[{'type': 'Default', 'title': 'Idol'}, {'type': 'Japanese', 'title': 'アイドル'}]",Idol,,アイドル,[],Music,Original,1.0,Finished Airing,False,3 min,PG-13 - Teens 13 or older,8.72,19423,,4805,28306,332,Music video for the song Idol by YOASOBI. The song was used as the opening theme of the anime [Oshi no Ko].,,,,[],[],"[{'mal_id': 95, 'type': 'anime', 'name': 'Doga Kobo', 'url': 'https://myanimelist.net/anime/producer/95/Doga_Kobo'}]",[],[],"[{'mal_id': 19, 'type': 'anime', 'name': 'Music', 'url': 'https://myanimelist.net/anime/genre/19/Music'}]",[],https://myanimelist.net/images/anime/1921/135489.jpg,https://myanimelist.net/images/anime/1921/135489t.jpg,https://myanimelist.net/images/anime/1921/135489l.jpg,https://myanimelist.net/images/anime/1921/135489.webp,https://myanimelist.net/images/anime/1921/135489t.webp,https://myanimelist.net/images/anime/1921/135489l.webp,,,,,,,,,2023-04-12T00:00:00+00:00,,12,4,2023,,,,"Apr 12, 2023",,,,
53223,https://myanimelist.net/anime/53223/Kingdom_5th_Season,True,"[{'type': 'Default', 'title': 'Kingdom 5th Season'}, {'type': 'Japanese', 'title': 'キングダム 第5シリーズ'}, {'type': 'English', 'title': 'Kingdom Season 5'}]",Kingdom 5th Season,Kingdom Season 5,キングダム 第5シリーズ,[],TV,Manga,13.0,Finished Airing,False,24 min per ep,R - 17+ (violence & profanity),8.72,28809,59.0,3179,62807,619,Fifth season of Kingdom.,Kingdom 5th Season adapts chapters 442-489 of the original manga.,winter,2024.0,"[{'mal_id': 1284, 'type': 'anime', 'name': 'Avex Pictures', 'url': 'https://myanimelist.net/anime/producer/1284/Avex_Pictures'}, {'mal_id': 1365, 'type': 'anime', 'name': 'Shueisha', 'url': 'https://myanimelist.net/anime/producer/1365/Shueisha'}, {'mal_id': 1517, 'type': 'anime', 'name': 'Jinnan Studio', 'url': 'https://myanimelist.net/anime/producer/1517/Jinnan_Studio'}, {'mal_id': 1797, 'type': 'anime', 'name': 'NHK Enterprises', 'url': 'https://myanimelist.net/anime/producer/1797/NHK_Enterprises'}]",[],"[{'mal_id': 1, 'type': 'anime', 'name': 'Studio Pierrot', 'url': 'https://myanimelist.net/anime/producer/1/Studio_Pierrot'}, {'mal_id': 1998, 'type': 'anime', 'name': 'Studio Signpost', 'url': 'https://myanimelist.net/anime/producer/1998/Studio_Signpost'}]","[{'mal_id': 1, 'type': 'anime', 'name': 'Action', 'url': 'https://myanimelist.net/anime/genre/1/Action'}]",[],"[{'mal_id': 13, 'type': 'anime', 'name': 'Historical', 'url': 'https://myanimelist.net/anime/genre/13/Historical'}, {'mal_id': 38, 'type': 'anime', 'name': 'Military', 'url': 'https://myanimelist.net/anime/genre/38/Military'}]","[{'mal_id': 42, 'type': 'anime', 'name': 'Seinen', 'url': 'https://myanimelist.net/anime/genre/42/Seinen'}]",https://myanimelist.net/images/anime/1050/139641.jpg,https://myanimelist.net/images/anime/1050/139641t.jpg,https://myanimelist.net/images/anime/1050/139641l.jpg,https://myanimelist.net/images/anime/1050/139641.webp,https://myanimelist.net/images/anime/1050/139641t.webp,https://myanimelist.net/images/anime/1050/139641l.webp,,,https://www.youtube-nocookie.com/embed/jYztdVfUZX8?enablejsapi=1&wmode=opaque&autoplay=1,,,,,,2024-01-14T00:00:00+00:00,2024-03-31T00:00:00+00:00,14,1,2024,31.0,3.0,2024.0,"Jan 14, 2024 to Mar 31, 2024",Sundays,00:00,Asia/Tokyo,Sundays at 00:00 (JST)
52215,https://myanimelist.net/anime/52215/Chi_Chikyuu_no_Undou_ni_Tsuite,True,"[{'type': 'Default', 'title': 'Chi. Chikyuu no Undou ni Tsuite'}, {'type': 'Synonym', 'title': 'About the Movement of the Earth'}, {'type': 'Japanese', 'title': 'チ。―地球の運動について―'}, {'type': 'English', 'title': 'Orb: On the Movements of the Earth'}]",Chi. Chikyuu no Undou ni Tsuite,Orb: On the Movements of the Earth,チ。―地球の運動について―,['About the Movement of the Earth'],TV,Manga,25.0,Finished Airing,False,25 min per ep,R - 17+ (violence & profanity),8.72,118950,57.0,949,294539,7610,"Twelve-year-old prodigy Rafal believes in living rationally, so as to earn praise and respect from society while not being led astray by his emotions. To this end, he publicly states his intention to study theology—the academic field held in highest regard in early 15th century Poland. However, an encounter with a mysterious man upends Rafal's life, sparking an illogical desire to instead pursue his passion for astronomy.

Rafal is determined to prove the beauty and rationality of heliocentrism—the theory that the Earth revolves around the Sun. This belief is considered heretical by the powerful Church, which promotes geocentrism—the Sun revolving around the Earth—as the sole truth of the universe. Those whose beliefs do not align with the will of the Church suffer unfathomably gruesome consequences.

In pursuit of evidence for a heliocentric model of the universe, Rafal grapples with obtaining precise calculations and building empirical theories. His greatest challenge, however, lies in conducting this research discreetly—lest he wish to meet the same fate as other heretics.

[Written by MAL Rewrite]",,fall,2024.0,"[{'mal_id': 62, 'type': 'anime', 'name': 'Shogakukan-Shueisha Productions', 'url': 'https://myanimelist.net/anime/producer/62/Shogakukan-Shueisha_Productions'}, {'mal_id': 1430, 'type': 'anime', 'name': 'Shogakukan', 'url': 'https://myanimelist.net/anime/producer/1430/Shogakukan'}, {'mal_id': 1797, 'type': 'anime', 'name': 'NHK Enterprises', 'url': 'https://myanimelist.net/anime/producer/1797/NHK_Enterprises'}, {'mal_id': 3020, 'type': 'anime', 'name': 'SKY Perfect Pictures', 'url': 'https://myanimelist.net/anime/producer/3020/SKY_Perfect_Pictures'}]",[],"[{'mal_id': 11, 'type': 'anime', 'name': 'Madhouse', 'url': 'https://myanimelist.net/anime/producer/11/Madhouse'}]","[{'mal_id': 8, 'type': 'anime', 'name': 'Drama', 'url': 'https://myanimelist.net/anime/genre/8/Drama'}]",[],"[{'mal_id': 13, 'type': 'anime', 'name': 'Historical', 'url': 'https://myanimelist.net/anime/genre/13/Historical'}]","[{'mal_id': 42, 'type': 'anime', 'name': 'Seinen', 'url': 'https://myanimelist.net/anime/genre/42/Seinen'}]",https://myanimelist.net/images/anime/1749/145922.jpg,https://myanimelist.net/images/anime/1749/145922t.jpg,https://myanimelist.net/images/anime/1749/145922l.jpg,https://myanimelist.net/images/anime/1749/145922.webp,https://myanimelist.net/images/anime/1749/145922t.webp,https://myanimelist.net/images/anime/1749/145922l.webp,,,https://www.youtube-nocookie.com/embed/Aju1yusWVKo?enablejsapi=1&wmode=opaque&autoplay=1,,,,,,2024-10-05T00:00:00+00:00,2025-03-15T00:00:00+00:00,5,10,2024,15.0,3.0,2025.0,"Oct 5, 2024 to Mar 15, 2025",Saturdays,23:45,Asia/Tokyo,Saturdays at 23:45 (JST)
52198,https://myanimelist.net/anime/52198/Kaguya-sama_wa_Kokurasetai__First_Kiss_wa_Owaranai,True,"[{'type': 'Default', 'title': 'Kaguya-sama wa Kokurasetai: First Kiss wa Owaranai'}, {'type': 'Japanese', 'title': 'かぐや様は告らせたい -ファーストキッスは終わらない-'}, {'type': 'English', 'title': 'Kaguya-sama: Love is War -The First Kiss That Never Ends-'}]",Kaguya-sama wa Kokurasetai: First Kiss wa Owaranai,Kaguya-sama: Love is War -The First Kiss That Never Ends-,かぐや様は告らせたい -ファーストキッスは終わらない-,[],Movie,Manga,1.0,Finished Airing,False,1 hr 36 min,PG-13 - Teens 13 or older,8.72,216948,58.0,719,381293,2332,"After their first kiss, Kaguya Shinomiya and Miyuki Shirogane are left unsure where their relationship stands. The troubling uncertainty of whether they could be considered an official couple unleashes newfound problems as both Kaguya and Shirogane struggle to sort out their feelings.

While the lovestruck student council officers fret, the Christmas season rolls around, and romance is in the air. In the face of widespread tenderness, Kaguya and Shirogane must endure their affectionate battle of wits once more. Should they reconcile their feelings for one another, they may find themselves within reach of what they have both been longing for so long: true love.

[Written by MAL Rewrite]",,,,"[{'mal_id': 17, 'type': 'anime', 'name': 'Aniplex', 'url': 'https://myanimelist.net/anime/producer/17/Aniplex'}, {'mal_id': 143, 'type': 'anime', 'name': 'Mainichi Broadcasting System', 'url': 'https://myanimelist.net/anime/producer/143/Mainichi_Broadcasting_System'}, {'mal_id': 1365, 'type': 'anime', 'name': 'Shueisha', 'url': 'https://myanimelist.net/anime/producer/1365/Shueisha'}, {'mal_id': 1501, 'type': 'anime', 'name': 'JR East Marketing & Communications', 'url': 'https://myanimelist.net/anime/producer/1501/JR_East_Marketing___Communications'}]","[{'mal_id': 493, 'type': 'anime', 'name': 'Aniplex of America', 'url': 'https://myanimelist.net/anime/producer/493/Aniplex_of_America'}]","[{'mal_id': 56, 'type': 'anime', 'name': 'A-1 Pictures', 'url': 'https://myanimelist.net/anime/producer/56/A-1_Pictures'}]","[{'mal_id': 4, 'type': 'anime', 'name': 'Comedy', 'url': 'https://myanimelist.net/anime/genre/4/Comedy'}, {'mal_id': 8, 'type': 'anime', 'name': 'Drama', 'url': 'https://myanimelist.net/anime/genre/8/Drama'}, {'mal_id': 22, 'type': 'anime', 'name': 'Romance', 'url': 'https://myanimelist.net/anime/genre/22/Romance'}]",[],"[{'mal_id': 23, 'type': 'anime', 'name': 'School', 'url': 'https://myanimelist.net/anime/genre/23/School'}]","[{'mal_id': 42, 'type': 'anime', 'name': 'Seinen', 'url': 'https://myanimelist.net/anime/genre/42/Seinen'}]",https://myanimelist.net/images/anime/1670/130060.jpg,https://myanimelist.net/images/anime/1670/130060t.jpg,https://myanimelist.net/images/anime/1670/130060l.jpg,https://myanimelist.net/images/anime/1670/130060.webp,https://myanimelist.net/images/anime/1670/130060t.webp,https://myanimelist.net/images/anime/1670/130060l.webp,,,https://www.youtube-nocookie.com/embed/8Zy8-00-Pls?enablejsapi=1&wmode=opaque&autoplay=1,,,,,,2022-12-17T00:00:00+00:00,,17,12,2022,,,,"Dec 17, 2022",,,,
24701,https://myanimelist.net/anime/24701/Mushishi_Zoku_Shou_2nd_Season,True,"[{'type': 'Default', 'title': 'Mushishi Zoku Shou 2nd Season'}, {'type': 'Synonym', 'title': 'Mushishi Zoku Shou 2nd Season'}, {'type': 'Japanese', 'title': '蟲師 続章'}, {'type': 'English', 'title': 'Mushi-shi: Next Passage Part 2'}]",Mushishi Zoku Shou 2nd Season,Mushi-shi: Next Passage Part 2,蟲師 続章,['Mushishi Zoku Shou 2nd Season'],TV,Manga,10.0,Finished Airing,False,23 min per ep,PG-13 - Teens 13 or older,8.72,116929,61.0,956,293237,1582,"Ghostly, primordial beings known as Mushi continue to cause mysterious changes in the lives of humans. The travelling Mushishi, Ginko, persists in trying to set right the strange and unsettling situations he encounters. Time loops, living shadows, and telepathy are among the overt effects of interference from Mushi, but more subtle symptoms that take years to be noticed also rouse Ginko's concern as he passes from village to village.

Through circumstance, Ginko has become an arbiter, determining which Mushi are blessings and which are curses. But the lines that he seeks to draw are subjective. Some of his patients would rather exercise their new powers until they are utterly consumed by them; others desperately strive to rid themselves of afflictions which are in fact protecting their lives from devastation. Those who cross paths with Mushi must learn to accept seemingly impossible consequences for their actions, and heal wounds they did not know they had. Otherwise, they risk meeting with fates beyond their comprehension.

[Written by MAL Rewrite]",,fall,2014.0,"[{'mal_id': 17, 'type': 'anime', 'name': 'Aniplex', 'url': 'https://myanimelist.net/anime/producer/17/Aniplex'}, {'mal_id': 159, 'type': 'anime', 'name': 'Kodansha', 'url': 'https://myanimelist.net/anime/producer/159/Kodansha'}, {'mal_id': 711, 'type': 'anime', 'name': 'Delfi Sound', 'url': 'https://myanimelist.net/anime/producer/711/Delfi_Sound'}]","[{'mal_id': 493, 'type': 'anime', 'name': 'Aniplex of America', 'url': 'https://myanimelist.net/anime/producer/493/Aniplex_of_America'}]","[{'mal_id': 8, 'type': 'anime', 'name': 'Artland', 'url': 'https://myanimelist.net/anime/producer/8/Artland'}]","[{'mal_id': 2, 'type': 'anime', 'name': 'Adventure', 'url': 'https://myanimelist.net/anime/genre/2/Adventure'}, {'mal_id': 7, 'type': 'anime', 'name': 'Mystery', 'url': 'https://myanimelist.net/anime/genre/7/Mystery'}, {'mal_id': 36, 'type': 'anime', 'name': 'Slice of Life', 'url': 'https://myanimelist.net/anime/genre/36/Slice_of_Life'}, {'mal_id': 37, 'type': 'anime', 'name': 'Supernatural', 'url': 'https://myanimelist.net/anime/genre/37/Supernatural'}]",[],"[{'mal_id': 50, 'type': 'anime', 'name': 'Adult Cast', 'url': 'https://myanimelist.net/anime/genre/50/Adult_Cast'}, {'mal_id': 13, 'type': 'anime', 'name': 'Historical', 'url': 'https://myanimelist.net/anime/genre/13/Historical'}, {'mal_id': 63, 'type': 'anime', 'name': 'Iyashikei', 'url': 'https://myanimelist.net/anime/genre/63/Iyashikei'}]","[{'mal_id': 42, 'type': 'anime', 'name': 'Seinen', 'url': 'https://myanimelist.net/anime/genre/42/Seinen'}]",https://myanimelist.net/images/anime/9/68095.jpg,https://myanimelist.net/images/anime/9/68095t.jpg,https://myanimelist.net/images/anime/9/68095l.jpg,https://myanimelist.net/images/anime/9/68095.webp,https://myanimelist.net/images/anime/9/68095t.webp,https://myanimelist.net/images/anime/9/68095l.webp,,,https://www.youtube-nocookie.com/embed/zuX3P6ynAgc?enablejsapi=1&wmode=opaque&autoplay=1,,,,,,2014-10-19T00:00:00+00:00,2014-12-21T00:00:00+00:00,19,10,2014,21.0,12.0,2014.0,"Oct 19, 2014 to Dec 21, 2014",Sundays,00:30,Asia/Tokyo,Sundays at 00:30 (JST)
45649,https://myanimelist.net/anime/45649/The_First_Slam_Dunk,True,"[{'type': 'Default', 'title': 'The First Slam Dunk'}, {'type': 'Japanese', 'title': 'THE FIRST SLAM DUNK'}]",The First Slam Dunk,,THE FIRST SLAM DUNK,[],Movie,Manga,1.0,Finished Airing,False,2 hr 4 min,PG-13 - Teens 13 or older,8.72,36697,62.0,2812,77484,1076,"Shohoku's ""speedster"" and point guard, Ryouta Miyagi, always plays with brains and lightning speed, running circles around his opponents while feigning composure. Born and raised in Okinawa, Ryouta had a brother who was three years older. Following in the footsteps of his older brother, who was a famous local player from a young age, Ryouta also became addicted to basketball.

In his second year of high school, Ryouta plays with the Shohoku High School basketball team along with Sakuragi, Rukawa, Akagi, and Mitsui as they take the stage at the Inter-High School National Championship. And now, they are on the brink of challenging the reigning champions, Sannoh Kogyo High School.

(Source: GKIDS, edited)","The movie partially adapts the chapters between 223 to 276 from the manga while incorporating original scenes created for the film. It won the Best Animation of the Year award at the Japan Academy Film Prize in 2023. It also won the awards for Anime of the Year - Film, Best Director, Best Writer, and Best Visual Arts at the 2024 Tokyo Anime Award Festival.",,,"[{'mal_id': 1365, 'type': 'anime', 'name': 'Shueisha', 'url': 'https://myanimelist.net/anime/producer/1365/Shueisha'}]","[{'mal_id': 783, 'type': 'anime', 'name': 'GKIDS', 'url': 'https://myanimelist.net/anime/producer/783/GKIDS'}]","[{'mal_id': 18, 'type': 'anime', 'name': 'Toei Animation', 'url': 'https://myanimelist.net/anime/producer/18/Toei_Animation'}, {'mal_id': 1111, 'type': 'anime', 'name': 'DandeLion Animation Studio', 'url': 'https://myanimelist.net/anime/producer/1111/DandeLion_Animation_Studio'}]","[{'mal_id': 46, 'type': 'anime', 'name': 'Award Winning', 'url': 'https://myanimelist.net/anime/genre/46/Award_Winning'}, {'mal_id': 30, 'type': 'anime', 'name': 'Sports', 'url': 'https://myanimelist.net/anime/genre/30/Sports'}]",[],"[{'mal_id': 23, 'type': 'anime', 'name': 'School', 'url': 'https://myanimelist.net/anime/genre/23/School'}, {'mal_id': 77, 'type': 'anime', 'name': 'Team Sports', 'url': 'https://myanimelist.net/anime/genre/77/Team_Sports'}]","[{'mal_id': 27, 'type': 'anime', 'name': 'Shounen', 'url': 'https://myanimelist.net/anime/genre/27/Shounen'}]",https://myanimelist.net/images/anime/1745/129284.jpg,https://myanimelist.net/images/anime/1745/129284t.jpg,https://myanimelist.net/images/anime/1745/129284l.jpg,https://myanimelist.net/images/anime/1745/129284.webp,https://myanimelist.net/images/anime/1745/129284t.webp,https://myanimelist.net/images/anime/1745/129284l.webp,,,https://www.youtube-nocookie.com/embed/9o7-Cgetho4?enablejsapi=1&wmode=opaque&autoplay=1,,,,,,2022-12-03T00:00:00+00:00,,3,12,2022,,,,"Dec 3, 2022",,,,
50172,https://myanimelist.net/anime/50172/Mob_Psycho_100_III,True,"[{'type': 'Default', 'title': 'Mob Psycho 100 III'}, {'type': 'Synonym', 'title': 'Mob Psycho 100 3rd Season'}, {'type': 'Synonym', 'title': 'Mob Psycho Hyaku'}, {'type': 'Synonym', 'title': 'Mob Psycho One Hundred'}, {'type': 'Japanese', 'title': 'モブサイコ100 III'}, {'type': 'English', 'title': 'Mob Psycho 100 III'}]",Mob Psycho 100 III,Mob Psycho 100 III,モブサイコ100 III,"['Mob Psycho 100 3rd Season', 'Mob Psycho Hyaku', 'Mob Psycho One Hundred']",TV,Web manga,12.0,Finished Airing,False,23 min per ep,PG-13 - Teens 13 or older,8.72,446041,60.0,252,860159,12641,"After foiling a world-threatening plot, Shigeo ""Mob"" Kageyama returns to tackle the more exhausting aspects of his mundane life—starting with filling out his school's nerve-racking career form. Meanwhile, he continues to assist his mentor Arataka Reigen and the office's new recruit, Katsuya Serizawa, in solving paranormal cases of their clients. While continuing his duties, Mob also works on gaining more independence in his esper and human lives, as well as trying to integrate better with the people around him.

However, new supernatural and ordinary challenges test Mob’s emotional stability and force him to confront the realities around him. As he strives to continue forward on the path to maturity, Mob must resolve his emotional crises and reassess the naivety he has held on for so long.

[Written by MAL Rewrite]",,fall,2022.0,"[{'mal_id': 62, 'type': 'anime', 'name': 'Shogakukan-Shueisha Productions', 'url': 'https://myanimelist.net/anime/producer/62/Shogakukan-Shueisha_Productions'}, {'mal_id': 415, 'type': 'anime', 'name': 'Warner Bros. Japan', 'url': 'https://myanimelist.net/anime/producer/415/Warner_Bros_Japan'}, {'mal_id': 460, 'type': 'anime', 'name': 'KlockWorx', 'url': 'https://myanimelist.net/anime/producer/460/KlockWorx'}, {'mal_id': 843, 'type': 'anime', 'name': 'BS Fuji', 'url': 'https://myanimelist.net/anime/producer/843/BS_Fuji'}, {'mal_id': 1333, 'type': 'anime', 'name': 'Hakuhodo DY Music & Pictures', 'url': 'https://myanimelist.net/anime/producer/1333/Hakuhodo_DY_Music___Pictures'}, {'mal_id': 1430, 'type': 'anime', 'name': 'Shogakukan', 'url': 'https://myanimelist.net/anime/producer/1430/Shogakukan'}, {'mal_id': 3309, 'type': 'anime', 'name': 'Peerless Gerbera', 'url': 'https://myanimelist.net/anime/producer/3309/Peerless_Gerbera'}]",[],"[{'mal_id': 4, 'type': 'anime', 'name': 'Bones', 'url': 'https://myanimelist.net/anime/producer/4/Bones'}]","[{'mal_id': 1, 'type': 'anime', 'name': 'Action', 'url': 'https://myanimelist.net/anime/genre/1/Action'}, {'mal_id': 4, 'type': 'anime', 'name': 'Comedy', 'url': 'https://myanimelist.net/anime/genre/4/Comedy'}, {'mal_id': 37, 'type': 'anime', 'name': 'Supernatural', 'url': 'https://myanimelist.net/anime/genre/37/Supernatural'}]",[],[],[],https://myanimelist.net/images/anime/1228/125011.jpg,https://myanimelist.net/images/anime/1228/125011t.jpg,https://myanimelist.net/images/anime/1228/125011l.jpg,https://myanimelist.net/images/anime/1228/125011.webp,https://myanimelist.net/images/anime/1228/125011t.webp,https://myanimelist.net/images/anime/1228/125011l.webp,,,https://www.youtube-nocookie.com/embed/b1miJsAVYJA?enablejsapi=1&wmode=opaque&autoplay=1,,,,,,2022-10-06T00:00:00+00:00,2022-12-22T00:00:00+00:00,6,10,2022,22.0,12.0,2022.0,"Oct 6, 2022 to Dec 22, 2022",Thursdays,00:00,Asia/Tokyo,Thursdays at 00:00 (JST)
48569,https://myanimelist.net/anime/48569/86_Part_2,True,"[{'type': 'Default', 'title': '86 Part 2'}, {'type': 'Japanese', 'title': '86―エイティシックス―'}, {'type': 'English', 'title': '86 Eighty-Six Part 2'}]",86 Part 2,86 Eighty-Six Part 2,86―エイティシックス―,[],TV,Light novel,12.0,Finished Airing,False,23 min per ep,R - 17+ (violence & profanity),8.72,375160,56.0,384,642016,18590,"The disappearance of the Spearhead Squadron beyond the horizon does little to hide the intensity of the Republic of San Magnolia's endless propaganda. Vladilena Milizé continues to operate as ""Handler One,"" the commander of yet another dehumanized 86th faction's squadron in the continuous war against the Legion.

On the Western Front, Shinei Nouzen and his squad are quarantined in a military base controlled by the Federal Republic of Giad, formerly known as the Giadian Empire. The newly-established government grants the saved Eighty-Six full citizenship and freedom. Housed by the president Ernst Zimmerman himself, the group meets his adoptive daughter and the last Empress, Augusta Frederica Adel-Adler.

However, within the calm of this tender society, Shinei and his team feel that their purpose is on the battlefield. Before long, they are once again in the midst of the Legion's onslaught as a part of the Federacy's Nordlicht Squadron, accompanied by Augusta Frederica. But, as history repeats itself, they realize that no matter the side, death and pain on the front lines are the only comfort they know.

[Written by MAL Rewrite]",,fall,2021.0,"[{'mal_id': 17, 'type': 'anime', 'name': 'Aniplex', 'url': 'https://myanimelist.net/anime/producer/17/Aniplex'}, {'mal_id': 1696, 'type': 'anime', 'name': 'Kadokawa', 'url': 'https://myanimelist.net/anime/producer/1696/Kadokawa'}, {'mal_id': 1992, 'type': 'anime', 'name': 'Bandai Spirits', 'url': 'https://myanimelist.net/anime/producer/1992/Bandai_Spirits'}]",[],"[{'mal_id': 56, 'type': 'anime', 'name': 'A-1 Pictures', 'url': 'https://myanimelist.net/anime/producer/56/A-1_Pictures'}]","[{'mal_id': 8, 'type': 'anime', 'name': 'Drama', 'url': 'https://myanimelist.net/anime/genre/8/Drama'}, {'mal_id': 24, 'type': 'anime', 'name': 'Sci-Fi', 'url': 'https://myanimelist.net/anime/genre/24/Sci-Fi'}]",[],"[{'mal_id': 18, 'type': 'anime', 'name': 'Mecha', 'url': 'https://myanimelist.net/anime/genre/18/Mecha'}, {'mal_id': 38, 'type': 'anime', 'name': 'Military', 'url': 'https://myanimelist.net/anime/genre/38/Military'}]",[],https://myanimelist.net/images/anime/1321/117508.jpg,https://myanimelist.net/images/anime/1321/117508t.jpg,https://myanimelist.net/images/anime/1321/117508l.jpg,https://myanimelist.net/images/anime/1321/117508.webp,https://myanimelist.net/images/anime/1321/117508t.webp,https://myanimelist.net/images/anime/1321/117508l.webp,,,https://www.youtube-nocookie.com/embed/Oo8ICn48l6E?enablejsapi=1&wmode=opaque&autoplay=1,,,,,,2021-10-03T00:00:00+00:00,2022-03-19T00:00:00+00:00,3,10,2021,19.0,3.0,2022.0,"Oct 3, 2021 to Mar 19, 2022",Sundays,00:00,Asia/Tokyo,Sundays at 00:00 (JST)
60098,https://myanimelist.net/anime/60098/Boku_no_Hero_Academia__Final_Season,True,"[{'type': 'Default', 'title': 'Boku no Hero Academia: Final Season'}, {'type': 'Synonym', 'title': 'My Hero Academia 8'}, {'type': 'Japanese', 'title': '僕のヒーローアカデミア FINAL SEASON'}, {'type': 'English', 'title': 'My Hero Academia Final Season'}]",Boku no Hero Academia: Final Season,My Hero Academia Final Season,僕のヒーローアカデミア FINAL SEASON,['My Hero Academia 8'],TV,Manga,11.0,Finished Airing,False,23 min per ep,PG-13 - Teens 13 or older,8.71,157415,63.0,919,305742,2953,"The final stages of an all-out war between heroes and villains unfold as the world watches its symbols of peace and destruction collide. When All Might is critically injured, global fear takes hold as the fate of society hangs in the balance, and the threat of All For One and Tomura Shigaraki makes it clear that the conflict is far from over.

As hope begins to fade, Izuku ""Deku"" Midoriya stands at the forefront, refusing to let the war end in despair. Pushed beyond his limits and supported by Katsuki Bakugou and other heroes fighting beside him, Deku becomes the central force opposing collapse. The conflict becomes a defining turning point for society—one where the future will be entrusted to the victorious side.

[Written by MAL Rewrite]",,fall,2025.0,"[{'mal_id': 4, 'type': 'anime', 'name': 'Bones', 'url': 'https://myanimelist.net/anime/producer/4/Bones'}, {'mal_id': 53, 'type': 'anime', 'name': 'Dentsu', 'url': 'https://myanimelist.net/anime/producer/53/Dentsu'}, {'mal_id': 76, 'type': 'anime', 'name': 'Yomiuri Telecasting', 'url': 'https://myanimelist.net/anime/producer/76/Yomiuri_Telecasting'}, {'mal_id': 166, 'type': 'anime', 'name': 'Movic', 'url': 'https://myanimelist.net/anime/producer/166/Movic'}, {'mal_id': 757, 'type': 'anime', 'name': 'Sony Music Entertainment', 'url': 'https://myanimelist.net/anime/producer/757/Sony_Music_Entertainment'}, {'mal_id': 1143, 'type': 'anime', 'name': 'TOHO animation', 'url': 'https://myanimelist.net/anime/producer/1143/TOHO_animation'}, {'mal_id': 1365, 'type': 'anime', 'name': 'Shueisha', 'url': 'https://myanimelist.net/anime/producer/1365/Shueisha'}, {'mal_id': 1499, 'type': 'anime', 'name': 'Techno Sound', 'url': 'https://myanimelist.net/anime/producer/1499/Techno_Sound'}, {'mal_id': 2229, 'type': 'anime', 'name': 'Toho Music', 'url': 'https://myanimelist.net/anime/producer/2229/Toho_Music'}]",[],"[{'mal_id': 3045, 'type': 'anime', 'name': 'Bones Film', 'url': 'https://myanimelist.net/anime/producer/3045/Bones_Film'}]","[{'mal_id': 1, 'type': 'anime', 'name': 'Action', 'url': 'https://myanimelist.net/anime/genre/1/Action'}]",[],"[{'mal_id': 23, 'type': 'anime', 'name': 'School', 'url': 'https://myanimelist.net/anime/genre/23/School'}, {'mal_id': 31, 'type': 'anime', 'name': 'Super Power', 'url': 'https://myanimelist.net/anime/genre/31/Super_Power'}]","[{'mal_id': 27, 'type': 'anime', 'name': 'Shounen', 'url': 'https://myanimelist.net/anime/genre/27/Shounen'}]",https://myanimelist.net/images/anime/1959/151055.jpg,https://myanimelist.net/images/anime/1959/151055t.jpg,https://myanimelist.net/images/anime/1959/151055l.jpg,https://myanimelist.net/images/anime/1959/151055.webp,https://myanimelist.net/images/anime/1959/151055t.webp,https://myanimelist.net/images/anime/1959/151055l.webp,,,https://www.youtube-nocookie.com/embed/wQgQij8Ry4g?enablejsapi=1&wmode=opaque&autoplay=1,,,,,,2025-10-04T00:00:00+00:00,2025-12-13T00:00:00+00:00,4,10,2025,13.0,12.0,2025.0,"Oct 4, 2025 to Dec 13, 2025",Saturdays,17:30,Asia/Tokyo,Saturdays at 17:30 (JST)
60058,https://myanimelist.net/anime/60058/Oshi_no_Ko_3rd_Season,True,"[{'type': 'Default', 'title': '[Oshi no Ko] 3rd Season'}, {'type': 'Synonym', 'title': 'My Star Season 3'}, {'type': 'Japanese', 'title': '【推しの子】 第3期'}, {'type': 'English', 'title': '[Oshi No Ko] Season 3'}]",[Oshi no Ko] 3rd Season,[Oshi No Ko] Season 3,【推しの子】 第3期,['My Star Season 3'],TV,Manga,11.0,Finished Airing,False,27 min per ep,PG-13 - Teens 13 or older,8.71,101800,65.0,1078,261191,2040,"Satisfied with his investigation of Lala Lai Theatrical Company, Aquamarine ""Aqua"" Hoshino shifts his focus from revenge to career growth and becomes a regular on the variety show Dig Deep! Chase the Impawsible. With memories of his mother still lingering in his mind, Aqua cuts contact with Kana Arima, leaving her unable to enjoy the surging popularity of her idol group, B-Komachi.

Meanwhile, following the bone-chilling discovery during B-Komachi's recent music video shoot, Aqua's sister, Ruby, resolves to solve the murders of those dearest to her. With the help of another soul still weighed down by Ai Hoshino's untimely demise, Ruby rises through the ranks, using any means necessary to get her way.

[Written by MAL Rewrite]",,winter,2026.0,"[{'mal_id': 711, 'type': 'anime', 'name': 'Delfi Sound', 'url': 'https://myanimelist.net/anime/producer/711/Delfi_Sound'}, {'mal_id': 1365, 'type': 'anime', 'name': 'Shueisha', 'url': 'https://myanimelist.net/anime/producer/1365/Shueisha'}, {'mal_id': 1422, 'type': 'anime', 'name': 'CyberAgent', 'url': 'https://myanimelist.net/anime/producer/1422/CyberAgent'}, {'mal_id': 1696, 'type': 'anime', 'name': 'Kadokawa', 'url': 'https://myanimelist.net/anime/producer/1696/Kadokawa'}]",[],"[{'mal_id': 95, 'type': 'anime', 'name': 'Doga Kobo', 'url': 'https://myanimelist.net/anime/producer/95/Doga_Kobo'}]","[{'mal_id': 8, 'type': 'anime', 'name': 'Drama', 'url': 'https://myanimelist.net/anime/genre/8/Drama'}]",[],"[{'mal_id': 72, 'type': 'anime', 'name': 'Reincarnation', 'url': 'https://myanimelist.net/anime/genre/72/Reincarnation'}, {'mal_id': 75, 'type': 'anime', 'name': 'Showbiz', 'url': 'https://myanimelist.net/anime/genre/75/Showbiz'}]","[{'mal_id': 42, 'type': 'anime', 'name': 'Seinen', 'url': 'https://myanimelist.net/anime/genre/42/Seinen'}]",https://myanimelist.net/images/anime/1979/153329.jpg,https://myanimelist.net/images/anime/1979/153329t.jpg,https://myanimelist.net/images/anime/1979/153329l.jpg,https://myanimelist.net/images/anime/1979/153329.webp,https://myanimelist.net/images/anime/1979/153329t.webp,https://myanimelist.net/images/anime/1979/153329l.webp,,,https://www.youtube-nocookie.com/embed/JGYY6Pui5Kc?enablejsapi=1&wmode=opaque&autoplay=1,,,,,,2026-01-14T00:00:00+00:00,2026-03-25T00:00:00+00:00,14,1,2026,25.0,3.0,2026.0,"Jan 14, 2026 to Mar 25, 2026",Wednesdays,23:00,Asia/Tokyo,Wednesdays at 23:00 (JST)
1575,https://myanimelist.net/anime/1575/Code_Geass__Hangyaku_no_Lelouch,True,"[{'type': 'Default', 'title': 'Code Geass: Hangyaku no Lelouch'}, {'type': 'Japanese', 'title': 'コードギアス 反逆のルルーシュ'}, {'type': 'English', 'title': 'Code Geass: Lelouch of the Rebellion'}, {'type': 'German', 'title': 'Code Geass: Lelouch of the Rebellion'}, {'type': 'Spanish', 'title': 'Code Geass: Lelouch, el de la Rebelión'}, {'type': 'French', 'title': 'Code Geass: Lelouch of the Rebellion'}]",Code Geass: Hangyaku no Lelouch,Code Geass: Lelouch of the Rebellion,コードギアス 反逆のルルーシュ,[],TV,Original,25.0,Finished Airing,False,24 min per ep,R - 17+ (violence & profanity),8.71,1522365,64.0,22,2470413,117332,"In the year 2010, the Holy Empire of Britannia is establishing itself as a dominant military nation, starting with the conquest of Japan. Renamed to Area 11 after its swift defeat, Japan has seen significant resistance against these tyrants in an attempt to regain independence.

Lelouch Lamperouge, a Britannian student, unfortunately finds himself caught in a crossfire between the Britannian and the Area 11 rebel armed forces. He is able to escape, however, thanks to the timely appearance of a mysterious girl named C.C., who bestows upon him Geass, the ""Power of Kings."" Realizing the vast potential of his newfound ""power of absolute obedience,"" Lelouch embarks upon a perilous journey as the masked vigilante known as Zero, leading a merciless onslaught against Britannia in order to get revenge once and for all.

[Written by MAL Rewrite]","Code Geass: Hangyaku no Lelouch is an original anime series by Sunrise animation studio with original character designs by the all-female Japanese manga artist group Clamp. Manga and light novels based off the show have been published by Kadokawa Shoten. The show has sold millions of DVDs and Blu-ray volumes and is extremely popular in both Japan and North America. The show is known for its multi-genre appeal and for its diverse cast of characters who face many moral dilemmas over the course of the series. The series won: ""The Best Anime TV Series"" award at the 2007 Tokyo International Anime Fair, ""The Best TV animation"" award at the twelfth Animation Kobe, and ""The Most Popular Anime"" award at the Animage 's 29th Annual Anime Grand Prix. The series was rebroadcasted during October 2021 on the Animeism programming block to celebrate its 15th anniversary.",fall,2006.0,"[{'mal_id': 23, 'type': 'anime', 'name': 'Bandai Visual', 'url': 'https://myanimelist.net/anime/producer/23/Bandai_Visual'}, {'mal_id': 143, 'type': 'anime', 'name': 'Mainichi Broadcasting System', 'url': 'https://myanimelist.net/anime/producer/143/Mainichi_Broadcasting_System'}, {'mal_id': 230, 'type': 'anime', 'name': 'Bandai', 'url': 'https://myanimelist.net/anime/producer/230/Bandai'}, {'mal_id': 757, 'type': 'anime', 'name': 'Sony Music Entertainment', 'url': 'https://myanimelist.net/anime/producer/757/Sony_Music_Entertainment'}, {'mal_id': 1233, 'type': 'anime', 'name': 'Bandai Namco Entertainment', 'url': 'https://myanimelist.net/anime/producer/1233/Bandai_Namco_Entertainment'}, {'mal_id': 1488, 'type': 'anime', 'name': 'Hakuhodo DY Media Partners', 'url': 'https://myanimelist.net/anime/producer/1488/Hakuhodo_DY_Media_Partners'}]","[{'mal_id': 102, 'type': 'anime', 'name': 'Funimation', 'url': 'https://myanimelist.net/anime/producer/102/Funimation'}, {'mal_id': 233, 'type': 'anime', 'name': 'Bandai Entertainment', 'url': 'https://myanimelist.net/anime/producer/233/Bandai_Entertainment'}]","[{'mal_id': 14, 'type': 'anime', 'name': 'Sunrise', 'url': 'https://myanimelist.net/anime/producer/14/Sunrise'}]","[{'mal_id': 46, 'type': 'anime', 'name': 'Award Winning', 'url': 'https://myanimelist.net/anime/genre/46/Award_Winning'}, {'mal_id': 8, 'type': 'anime', 'name': 'Drama', 'url': 'https://myanimelist.net/anime/genre/8/Drama'}, {'mal_id': 24, 'type': 'anime', 'name': 'Sci-Fi', 'url': 'https://myanimelist.net/anime/genre/24/Sci-Fi'}]",[],"[{'mal_id': 18, 'type': 'anime', 'name': 'Mecha', 'url': 'https://myanimelist.net/anime/genre/18/Mecha'}, {'mal_id': 38, 'type': 'anime', 'name': 'Military', 'url': 'https://myanimelist.net/anime/genre/38/Military'}, {'mal_id': 23, 'type': 'anime', 'name': 'School', 'url': 'https://myanimelist.net/anime/genre/23/School'}, {'mal_id': 31, 'type': 'anime', 'name': 'Super Power', 'url': 'https://myanimelist.net/anime/genre/31/Super_Power'}]",[],https://myanimelist.net/images/anime/1032/135088.jpg,https://myanimelist.net/images/anime/1032/135088t.jpg,https://myanimelist.net/images/anime/1032/135088l.jpg,https://myanimelist.net/images/anime/1032/135088.webp,https://myanimelist.net/images/anime/1032/135088t.webp,https://myanimelist.net/images/anime/1032/135088l.webp,,,,,,,,,2006-10-06T00:00:00+00:00,2007-07-29T00:00:00+00:00,6,10,2006,29.0,7.0,2007.0,"Oct 6, 2006 to Jul 29, 2007",Fridays,01:25,Asia/Tokyo,Fridays at 01:25 (JST)
53998,https://myanimelist.net/anime/53998/Bleach__Sennen_Kessen-hen_-_Ketsubetsu-tan,True,"[{'type': 'Default', 'title': 'Bleach: Sennen Kessen-hen - Ketsubetsu-tan'}, {'type': 'Synonym', 'title': 'Bleach: Thousand-Year Blood War Arc Part 2'}, {'type': 'Japanese', 'title': 'BLEACH 千年血戦篇-訣別譚-'}, {'type': 'English', 'title': 'Bleach: Thousand-Year Blood War - The Separation'}]",Bleach: Sennen Kessen-hen - Ketsubetsu-tan,Bleach: Thousand-Year Blood War - The Separation,BLEACH 千年血戦篇-訣別譚-,['Bleach: Thousand-Year Blood War Arc Part 2'],TV,Manga,13.0,Finished Airing,False,24 min per ep,R - 17+ (violence & profanity),8.7,235142,66.0,654,413655,5089,"After a brutal surprise attack by the forces of Quincy King Yhwach, the resident Reapers of the Soul Society lick their wounds and mourn their losses. Many of the surviving Soul Reaper captains train to battle without their Bankai, the ultimate technique wielded by the fiercest warriors.

In the previous assault, Ichigo Kurosaki narrowly managed to help fend off Yhwach's fearsome wrath. However, to ultimately defeat his godly adversary and save his allies, Ichigo must now undergo severe training that will push him beyond his physical, emotional, and mental limits.

Though Yhwach already holds the upper hand in this ongoing blood feud, he also successfully recruits Uryuu Ishida, Ichigo's close friend and rival, to be his successor. Yhwach strikes out once again at the weakened Soul Society, intent on finally obliterating his long-standing enemies. As Ichigo struggles to attain new power, the Soul Reaper captains fight for survival and borrowed time.

[Written by MAL Rewrite]","Bleach: Sennen Kessen-hen - Ketsubetsu-tan was released on Blu-ray and DVD by Aniplex on February 28, 2024. It adapts volumes 61-67 of the original manga.",summer,2023.0,"[{'mal_id': 16, 'type': 'anime', 'name': 'TV Tokyo', 'url': 'https://myanimelist.net/anime/producer/16/TV_Tokyo'}, {'mal_id': 17, 'type': 'anime', 'name': 'Aniplex', 'url': 'https://myanimelist.net/anime/producer/17/Aniplex'}, {'mal_id': 53, 'type': 'anime', 'name': 'Dentsu', 'url': 'https://myanimelist.net/anime/producer/53/Dentsu'}, {'mal_id': 1365, 'type': 'anime', 'name': 'Shueisha', 'url': 'https://myanimelist.net/anime/producer/1365/Shueisha'}, {'mal_id': 1392, 'type': 'anime', 'name': 'Zack Promotion', 'url': 'https://myanimelist.net/anime/producer/1392/Zack_Promotion'}]","[{'mal_id': 119, 'type': 'anime', 'name': 'VIZ Media', 'url': 'https://myanimelist.net/anime/producer/119/VIZ_Media'}]","[{'mal_id': 1, 'type': 'anime', 'name': 'Studio Pierrot', 'url': 'https://myanimelist.net/anime/producer/1/Studio_Pierrot'}]","[{'mal_id': 1, 'type': 'anime', 'name': 'Action', 'url': 'https://myanimelist.net/anime/genre/1/Action'}, {'mal_id': 2, 'type': 'anime', 'name': 'Adventure', 'url': 'https://myanimelist.net/anime/genre/2/Adventure'}, {'mal_id': 37, 'type': 'anime', 'name': 'Supernatural', 'url': 'https://myanimelist.net/anime/genre/37/Supernatural'}]",[],[],"[{'mal_id': 27, 'type': 'anime', 'name': 'Shounen', 'url': 'https://myanimelist.net/anime/genre/27/Shounen'}]",https://myanimelist.net/images/anime/1164/138058.jpg,https://myanimelist.net/images/anime/1164/138058t.jpg,https://myanimelist.net/images/anime/1164/138058l.jpg,https://myanimelist.net/images/anime/1164/138058.webp,https://myanimelist.net/images/anime/1164/138058t.webp,https://myanimelist.net/images/anime/1164/138058l.webp,,,https://www.youtube-nocookie.com/embed/m_i2PinZ_X4?enablejsapi=1&wmode=opaque&autoplay=1,,,,,,2023-07-08T00:00:00+00:00,2023-09-30T00:00:00+00:00,8,7,2023,30.0,9.0,2023.0,"Jul 8, 2023 to Sep 30, 2023",Saturdays,23:00,Asia/Tokyo,Saturdays at 23:00 (JST)
33095,https://myanimelist.net/anime/33095/Shouwa_Genroku_Rakugo_Shinjuu__Sukeroku_Futatabi-hen,True,"[{'type': 'Default', 'title': 'Shouwa Genroku Rakugo Shinjuu: Sukeroku Futatabi-hen'}, {'type': 'Synonym', 'title': 'Shouwa Genroku Rakugo Shinjuu 2nd Season'}, {'type': 'Synonym', 'title': ""Showa and Genroku Era Lover's Suicide Through Rakugo 2nd Season""}, {'type': 'Japanese', 'title': '昭和元禄落語心中～助六再び篇～'}, {'type': 'English', 'title': 'Descending Stories: Showa Genroku Rakugo Shinju'}, {'type': 'French', 'title': 'Le Rakugo ou la Vie 2'}]",Shouwa Genroku Rakugo Shinjuu: Sukeroku Futatabi-hen,Descending Stories: Showa Genroku Rakugo Shinju,昭和元禄落語心中～助六再び篇～,"['Shouwa Genroku Rakugo Shinjuu 2nd Season', ""Showa and Genroku Era Lover's Suicide Through Rakugo 2nd Season""]",TV,Manga,12.0,Finished Airing,False,24 min per ep,PG-13 - Teens 13 or older,8.7,70187,69.0,1381,202419,3237,"Even after having risen to the utmost rank of shin'uchi, Yotarou struggles to find his own identity in the world of rakugo. Caught between his master's teachings and the late Sukeroku's unique style, his performance lacks an important ingredient—ego. And while his popularity packs the theaters, he is but one of the few; rakugo is under threat of being eclipsed.

Meanwhile Yakumo, regarded by many as the last bastion of preserving the popularity of rakugo, struggles to cope with his elderly state. Even though his performances are still stellar, he fears that he is nearing his limits. His doubts grow stronger as an old friend creeps ever closer. Konatsu, for her part, attempts to raise her son as a single mother, which Yotarou is heavily opposed to. Instead, he seeks to persuade her to marry him and in turn raise her son as his own.

In Shouwa Genroku Rakugo Shinjuu: Sukeroku Futatabi-hen, the curtains fall on Yotarou and Yakumo's story, tasked with restoring the near-obsolete art form as well as overcoming their internal conflicts.

[Written by MAL Rewrite]",Shouwa Genroku Rakugo Shinjuu: Sukeroku Futatabi-hen covers volumes 6 through 10 of the manga.,winter,2017.0,"[{'mal_id': 143, 'type': 'anime', 'name': 'Mainichi Broadcasting System', 'url': 'https://myanimelist.net/anime/producer/143/Mainichi_Broadcasting_System'}, {'mal_id': 159, 'type': 'anime', 'name': 'Kodansha', 'url': 'https://myanimelist.net/anime/producer/159/Kodansha'}, {'mal_id': 315, 'type': 'anime', 'name': 'DAX Production', 'url': 'https://myanimelist.net/anime/producer/315/DAX_Production'}, {'mal_id': 1344, 'type': 'anime', 'name': 'King Records', 'url': 'https://myanimelist.net/anime/producer/1344/King_Records'}]",[],"[{'mal_id': 37, 'type': 'anime', 'name': 'Studio Deen', 'url': 'https://myanimelist.net/anime/producer/37/Studio_Deen'}]","[{'mal_id': 8, 'type': 'anime', 'name': 'Drama', 'url': 'https://myanimelist.net/anime/genre/8/Drama'}]",[],"[{'mal_id': 50, 'type': 'anime', 'name': 'Adult Cast', 'url': 'https://myanimelist.net/anime/genre/50/Adult_Cast'}, {'mal_id': 13, 'type': 'anime', 'name': 'Historical', 'url': 'https://myanimelist.net/anime/genre/13/Historical'}, {'mal_id': 64, 'type': 'anime', 'name': 'Love Polygon', 'url': 'https://myanimelist.net/anime/genre/64/Love_Polygon'}, {'mal_id': 70, 'type': 'anime', 'name': 'Performing Arts', 'url': 'https://myanimelist.net/anime/genre/70/Performing_Arts'}]","[{'mal_id': 43, 'type': 'anime', 'name': 'Josei', 'url': 'https://myanimelist.net/anime/genre/43/Josei'}]",https://myanimelist.net/images/anime/1493/124765.jpg,https://myanimelist.net/images/anime/1493/124765t.jpg,https://myanimelist.net/images/anime/1493/124765l.jpg,https://myanimelist.net/images/anime/1493/124765.webp,https://myanimelist.net/images/anime/1493/124765t.webp,https://myanimelist.net/images/anime/1493/124765l.webp,,,https://www.youtube-nocookie.com/embed/wxFCi-ybQ5k?enablejsapi=1&wmode=opaque&autoplay=1,,,,,,2017-01-07T00:00:00+00:00,2017-03-25T00:00:00+00:00,7,1,2017,25.0,3.0,2017.0,"Jan 7, 2017 to Mar 25, 2017",Saturdays,02:25,Asia/Tokyo,Saturdays at 02:25 (JST)
51009,https://myanimelist.net/anime/51009/Jujutsu_Kaisen_2nd_Season,True,"[{'type': 'Default', 'title': 'Jujutsu Kaisen 2nd Season'}, {'type': 'Synonym', 'title': 'Jujutsu Kaisen: Kaigyoku Gyokusetsu'}, {'type': 'Synonym', 'title': 'Jujutsu Kaisen: Shibuya Jihen'}, {'type': 'Synonym', 'title': 'Jujutsu Kaisen: Hidden Inventory Arc'}, {'type': 'Synonym', 'title': 'Jujutsu Kaisen: Shibuya Incident Arc'}, {'type': 'Synonym', 'title': 'Sorcery Fight'}, {'type': 'Synonym', 'title': 'JJK'}, {'type': 'Japanese', 'title': '呪術廻戦 懐玉・玉折／渋谷事変'}, {'type': 'English', 'title': 'Jujutsu Kaisen Season 2'}]",Jujutsu Kaisen 2nd Season,Jujutsu Kaisen Season 2,呪術廻戦 懐玉・玉折／渋谷事変,"['Jujutsu Kaisen: Kaigyoku Gyokusetsu', 'Jujutsu Kaisen: Shibuya Jihen', 'Jujutsu Kaisen: Hidden Inventory Arc', 'Jujutsu Kaisen: Shibuya Incident Arc', 'Sorcery Fight', 'JJK']",TV,Manga,23.0,Finished Airing,False,23 min per ep,R - 17+ (violence & profanity),8.7,823799,67.0,107,1393012,26129,"The year is 2006, and the halls of Tokyo Prefectural Jujutsu High School echo with the endless bickering and intense debate between two inseparable best friends. Exuding unshakeable confidence, Satoru Gojou and Suguru Getou believe there is no challenge too great for young and powerful Special Grade sorcerers such as themselves. They are tasked with safely delivering a sensible girl named Riko Amanai to the entity whose existence is the very essence of the jujutsu world. However, the mission plunges them into an exhausting swirl of moral conflict that threatens to destroy the already feeble amity between sorcerers and ordinary humans.

Twelve years later, students and sorcerers are the frontline defense against the rising number of high-level curses born from humans' negative emotions. As the entities grow in power, their self-awareness and ambition increase too. The curses unite for the common goal of eradicating humans and creating a world of only cursed energy users, led by a dangerous, ancient cursed spirit. To dispose of their greatest obstacle—the strongest sorcerer, Gojou—they orchestrate an attack at Shibuya Station on Halloween. Dividing into teams, the sorcerers enter the fight prepared to risk everything to protect the innocent and their own kind.

[Written by MAL Rewrite]","Jujutsu Kaisen 2nd Season was released on Blu-ray and DVD in eight volumes from October 18, 2023, to May 22, 2024.",summer,2023.0,"[{'mal_id': 143, 'type': 'anime', 'name': 'Mainichi Broadcasting System', 'url': 'https://myanimelist.net/anime/producer/143/Mainichi_Broadcasting_System'}, {'mal_id': 1143, 'type': 'anime', 'name': 'TOHO animation', 'url': 'https://myanimelist.net/anime/producer/1143/TOHO_animation'}, {'mal_id': 1365, 'type': 'anime', 'name': 'Shueisha', 'url': 'https://myanimelist.net/anime/producer/1365/Shueisha'}, {'mal_id': 1856, 'type': 'anime', 'name': 'dugout', 'url': 'https://myanimelist.net/anime/producer/1856/dugout'}, {'mal_id': 2260, 'type': 'anime', 'name': 'Sumzap', 'url': 'https://myanimelist.net/anime/producer/2260/Sumzap'}]","[{'mal_id': 1468, 'type': 'anime', 'name': 'Crunchyroll', 'url': 'https://myanimelist.net/anime/producer/1468/Crunchyroll'}]","[{'mal_id': 569, 'type': 'anime', 'name': 'MAPPA', 'url': 'https://myanimelist.net/anime/producer/569/MAPPA'}]","[{'mal_id': 1, 'type': 'anime', 'name': 'Action', 'url': 'https://myanimelist.net/anime/genre/1/Action'}, {'mal_id': 37, 'type': 'anime', 'name': 'Supernatural', 'url': 'https://myanimelist.net/anime/genre/37/Supernatural'}]",[],"[{'mal_id': 58, 'type': 'anime', 'name': 'Gore', 'url': 'https://myanimelist.net/anime/genre/58/Gore'}, {'mal_id': 23, 'type': 'anime', 'name': 'School', 'url': 'https://myanimelist.net/anime/genre/23/School'}]","[{'mal_id': 27, 'type': 'anime', 'name': 'Shounen', 'url': 'https://myanimelist.net/anime/genre/27/Shounen'}]",https://myanimelist.net/images/anime/1792/138022.jpg,https://myanimelist.net/images/anime/1792/138022t.jpg,https://myanimelist.net/images/anime/1792/138022l.jpg,https://myanimelist.net/images/anime/1792/138022.webp,https://myanimelist.net/images/anime/1792/138022t.webp,https://myanimelist.net/images/anime/1792/138022l.webp,,,https://www.youtube-nocookie.com/embed/PKHQuQF1S8k?enablejsapi=1&wmode=opaque&autoplay=1,,,,,,2023-07-06T00:00:00+00:00,2023-12-28T00:00:00+00:00,6,7,2023,28.0,12.0,2023.0,"Jul 6, 2023 to Dec 28, 2023",Thursdays,23:56,Asia/Tokyo,Thursdays at 23:56 (JST)
44,https://myanimelist.net/anime/44/Rurouni_Kenshin__Meiji_Kenkaku_Romantan_-_Tsuioku-hen,True,"[{'type': 'Default', 'title': 'Rurouni Kenshin: Meiji Kenkaku Romantan - Tsuioku-hen'}, {'type': 'Synonym', 'title': 'Rurouni Kenshin: Tsuiokuhen'}, {'type': 'Synonym', 'title': 'Rurouni Kenshin: Reminiscence'}, {'type': 'Japanese', 'title': 'るろうに剣心―明治剣客浪漫譚―追憶編'}, {'type': 'English', 'title': 'Samurai X: Trust and Betrayal'}, {'type': 'German', 'title': 'Rurouni Kenshin Trust and Betrayal'}, {'type': 'Spanish', 'title': 'Kenshin: El Guerrero Samurai ""Recuerdos""'}, {'type': 'French', 'title': 'Kenshin Le Vagabond: Le Chapitre de la Mémoire'}]",Rurouni Kenshin: Meiji Kenkaku Romantan - Tsuioku-hen,Samurai X: Trust and Betrayal,るろうに剣心―明治剣客浪漫譚―追憶編,"['Rurouni Kenshin: Tsuiokuhen', 'Rurouni Kenshin: Reminiscence']",OVA,Manga,4.0,Finished Airing,False,29 min per ep,R - 17+ (violence & profanity),8.7,144647,68.0,957,292854,6458,"When mankind's savagery surpasses his fear of death, there is little hope for those who wish to live honest lives. Beneath a full moon, a young boy witnesses the murder of the bandits who had enslaved him, and is then christened with a new name by the man who rescued him. This boy is Shinta, now known as Kenshin Himura, and he is destined to become a swordsman. The softness of his heart does not befit the occupation, but his desire to protect the innocent is absolute.

Rurouni Kenshin: Meiji Kenkaku Romantan - Tsuioku-hen details the origins of the man who would bear the name of Hitokiri Battousai long before he swore his oath not to kill and before he earned his reputation as an assassin. The young man's heart is divided between justice and corruption, while the fate of a nation rests on his actions.

[Written by MAL Rewrite]",,,,"[{'mal_id': 17, 'type': 'anime', 'name': 'Aniplex', 'url': 'https://myanimelist.net/anime/producer/17/Aniplex'}]","[{'mal_id': 97, 'type': 'anime', 'name': 'ADV Films', 'url': 'https://myanimelist.net/anime/producer/97/ADV_Films'}, {'mal_id': 493, 'type': 'anime', 'name': 'Aniplex of America', 'url': 'https://myanimelist.net/anime/producer/493/Aniplex_of_America'}]","[{'mal_id': 37, 'type': 'anime', 'name': 'Studio Deen', 'url': 'https://myanimelist.net/anime/producer/37/Studio_Deen'}]","[{'mal_id': 1, 'type': 'anime', 'name': 'Action', 'url': 'https://myanimelist.net/anime/genre/1/Action'}, {'mal_id': 8, 'type': 'anime', 'name': 'Drama', 'url': 'https://myanimelist.net/anime/genre/8/Drama'}, {'mal_id': 22, 'type': 'anime', 'name': 'Romance', 'url': 'https://myanimelist.net/anime/genre/22/Romance'}]",[],"[{'mal_id': 50, 'type': 'anime', 'name': 'Adult Cast', 'url': 'https://myanimelist.net/anime/genre/50/Adult_Cast'}, {'mal_id': 13, 'type': 'anime', 'name': 'Historical', 'url': 'https://myanimelist.net/anime/genre/13/Historical'}, {'mal_id': 21, 'type': 'anime', 'name': 'Samurai', 'url': 'https://myanimelist.net/anime/genre/21/Samurai'}]","[{'mal_id': 27, 'type': 'anime', 'name': 'Shounen', 'url': 'https://myanimelist.net/anime/genre/27/Shounen'}]",https://myanimelist.net/images/anime/1656/137618.jpg,https://myanimelist.net/images/anime/1656/137618t.jpg,https://myanimelist.net/images/anime/1656/137618l.jpg,https://myanimelist.net/images/anime/1656/137618.webp,https://myanimelist.net/images/anime/1656/137618t.webp,https://myanimelist.net/images/anime/1656/137618l.webp,,,,,,,,,1999-02-20T00:00:00+00:00,1999-09-22T00:00:00+00:00,20,2,1999,22.0,9.0,1999.0,"Feb 20, 1999 to Sep 22, 1999",,,,
55690,https://myanimelist.net/anime/55690/Boku_no_Kokoro_no_Yabai_Yatsu_2nd_Season,True,"[{'type': 'Default', 'title': 'Boku no Kokoro no Yabai Yatsu 2nd Season'}, {'type': 'Synonym', 'title': 'Bokuyaba'}, {'type': 'Japanese', 'title': '僕の心のヤバイやつ 第2期'}, {'type': 'English', 'title': 'The Dangers in My Heart Season 2'}]",Boku no Kokoro no Yabai Yatsu 2nd Season,The Dangers in My Heart Season 2,僕の心のヤバイやつ 第2期,['Bokuyaba'],TV,Manga,13.0,Finished Airing,False,23 min per ep,PG-13 - Teens 13 or older,8.69,177264,70.0,910,310065,6149,"After an eventful winter break, Kyoutarou Ichikawa and Anna Yamada reunite with a stronger bond. They continue to grow in their own ways, with Yamada taking on more challenging photoshoots and Ichikawa maturing both physically and emotionally as he tackles his affections for Yamada. However, spending time together outside of school allows for their relationship to deepen, and it becomes increasingly difficult to deny their budding romantic feelings.

Grappling with these unexpected and new emotions, Ichikawa and Yamada realize that, with the passage of time, their relationship is bound to change—and they must ultimately decide whether they wish to remain close friends or finally become a couple.

[Written by MAL Rewrite]",,winter,2024.0,"[{'mal_id': 53, 'type': 'anime', 'name': 'Dentsu', 'url': 'https://myanimelist.net/anime/producer/53/Dentsu'}, {'mal_id': 55, 'type': 'anime', 'name': 'TV Asahi', 'url': 'https://myanimelist.net/anime/producer/55/TV_Asahi'}, {'mal_id': 166, 'type': 'anime', 'name': 'Movic', 'url': 'https://myanimelist.net/anime/producer/166/Movic'}, {'mal_id': 306, 'type': 'anime', 'name': 'Magic Capsule', 'url': 'https://myanimelist.net/anime/producer/306/Magic_Capsule'}, {'mal_id': 1284, 'type': 'anime', 'name': 'Avex Pictures', 'url': 'https://myanimelist.net/anime/producer/1284/Avex_Pictures'}, {'mal_id': 1373, 'type': 'anime', 'name': 'Akita Shoten', 'url': 'https://myanimelist.net/anime/producer/1373/Akita_Shoten'}, {'mal_id': 2185, 'type': 'anime', 'name': 'BS Asahi', 'url': 'https://myanimelist.net/anime/producer/2185/BS_Asahi'}, {'mal_id': 2234, 'type': 'anime', 'name': 'TV Asahi Music', 'url': 'https://myanimelist.net/anime/producer/2234/TV_Asahi_Music'}]","[{'mal_id': 376, 'type': 'anime', 'name': 'Sentai Filmworks', 'url': 'https://myanimelist.net/anime/producer/376/Sentai_Filmworks'}]","[{'mal_id': 247, 'type': 'anime', 'name': 'Shin-Ei Animation', 'url': 'https://myanimelist.net/anime/producer/247/Shin-Ei_Animation'}]","[{'mal_id': 4, 'type': 'anime', 'name': 'Comedy', 'url': 'https://myanimelist.net/anime/genre/4/Comedy'}, {'mal_id': 22, 'type': 'anime', 'name': 'Romance', 'url': 'https://myanimelist.net/anime/genre/22/Romance'}]",[],"[{'mal_id': 23, 'type': 'anime', 'name': 'School', 'url': 'https://myanimelist.net/anime/genre/23/School'}]","[{'mal_id': 27, 'type': 'anime', 'name': 'Shounen', 'url': 'https://myanimelist.net/anime/genre/27/Shounen'}]",https://myanimelist.net/images/anime/1643/138581.jpg,https://myanimelist.net/images/anime/1643/138581t.jpg,https://myanimelist.net/images/anime/1643/138581l.jpg,https://myanimelist.net/images/anime/1643/138581.webp,https://myanimelist.net/images/anime/1643/138581t.webp,https://myanimelist.net/images/anime/1643/138581l.webp,,,https://www.youtube-nocookie.com/embed/DAbLNzr4cC8?enablejsapi=1&wmode=opaque&autoplay=1,,,,,,2024-01-07T00:00:00+00:00,2024-03-31T00:00:00+00:00,7,1,2024,31.0,3.0,2024.0,"Jan 7, 2024 to Mar 31, 2024",Sundays,01:30,Asia/Tokyo,Sundays at 01:30 (JST)
21939,https://myanimelist.net/anime/21939/Mushishi_Zoku_Shou,True,"[{'type': 'Default', 'title': 'Mushishi Zoku Shou'}, {'type': 'Synonym', 'title': 'Mushi-shi Zoku Shou'}, {'type': 'Synonym', 'title': 'Mushishi: The Next Chapter'}, {'type': 'Japanese', 'title': '蟲師 続章'}, {'type': 'English', 'title': 'Mushi-shi: Next Passage Part 1'}, {'type': 'German', 'title': 'Mushi-Shi -The Next Passage-'}, {'type': 'Spanish', 'title': 'Mushi-Shi -The Next Passage-'}, {'type': 'French', 'title': 'Mushishi Zoku Shô'}]",Mushishi Zoku Shou,Mushi-shi: Next Passage Part 1,蟲師 続章,"['Mushi-shi Zoku Shou', 'Mushishi: The Next Chapter']",TV,Manga,10.0,Finished Airing,False,24 min per ep,PG-13 - Teens 13 or older,8.69,128662,72.0,859,327238,1652,"Perceived as strange and feared by man, over time the misshapen ones came to be known as Mushi. Although they harbor no ill intentions towards humans, many suffer from the side effects of their existence and strange nature; exploiting the Mushi without understanding them, even unintentionally, can lead to disaster and strife for any involved. Mushishi Zoku Shou continues the story of Mushishi Ginko on his journey to help the visible world to coexist with the Mushi.

During his travels, Ginko discovers various gifted individuals—those cursed by circumstance and those maintaining a fragile symbiosis with the Mushi—inevitably confronting the question of whether humanity, talented and tortured alike, can manage the responsibility of the unseen. Moreover, as a Mushishi, Ginko must learn more about these strange beings and decide if he has the right to interfere with the complex relationships between Mushi and mankind.

[Written by MAL Rewrite]",,spring,2014.0,"[{'mal_id': 17, 'type': 'anime', 'name': 'Aniplex', 'url': 'https://myanimelist.net/anime/producer/17/Aniplex'}, {'mal_id': 159, 'type': 'anime', 'name': 'Kodansha', 'url': 'https://myanimelist.net/anime/producer/159/Kodansha'}, {'mal_id': 711, 'type': 'anime', 'name': 'Delfi Sound', 'url': 'https://myanimelist.net/anime/producer/711/Delfi_Sound'}]","[{'mal_id': 493, 'type': 'anime', 'name': 'Aniplex of America', 'url': 'https://myanimelist.net/anime/producer/493/Aniplex_of_America'}]","[{'mal_id': 8, 'type': 'anime', 'name': 'Artland', 'url': 'https://myanimelist.net/anime/producer/8/Artland'}]","[{'mal_id': 2, 'type': 'anime', 'name': 'Adventure', 'url': 'https://myanimelist.net/anime/genre/2/Adventure'}, {'mal_id': 7, 'type': 'anime', 'name': 'Mystery', 'url': 'https://myanimelist.net/anime/genre/7/Mystery'}, {'mal_id': 36, 'type': 'anime', 'name': 'Slice of Life', 'url': 'https://myanimelist.net/anime/genre/36/Slice_of_Life'}, {'mal_id': 37, 'type': 'anime', 'name': 'Supernatural', 'url': 'https://myanimelist.net/anime/genre/37/Supernatural'}]",[],"[{'mal_id': 50, 'type': 'anime', 'name': 'Adult Cast', 'url': 'https://myanimelist.net/anime/genre/50/Adult_Cast'}, {'mal_id': 13, 'type': 'anime', 'name': 'Historical', 'url': 'https://myanimelist.net/anime/genre/13/Historical'}, {'mal_id': 63, 'type': 'anime', 'name': 'Iyashikei', 'url': 'https://myanimelist.net/anime/genre/63/Iyashikei'}]","[{'mal_id': 42, 'type': 'anime', 'name': 'Seinen', 'url': 'https://myanimelist.net/anime/genre/42/Seinen'}]",https://myanimelist.net/images/anime/13/58533.jpg,https://myanimelist.net/images/anime/13/58533t.jpg,https://myanimelist.net/images/anime/13/58533l.jpg,https://myanimelist.net/images/anime/13/58533.webp,https://myanimelist.net/images/anime/13/58533t.webp,https://myanimelist.net/images/anime/13/58533l.webp,,,https://www.youtube-nocookie.com/embed/CXhPRWY1L0E?enablejsapi=1&wmode=opaque&autoplay=1,,,,,,2014-04-05T00:00:00+00:00,2014-06-21T00:00:00+00:00,5,4,2014,21.0,6.0,2014.0,"Apr 5, 2014 to Jun 21, 2014",Saturdays,00:00,Asia/Tokyo,Saturdays at 00:00 (JST)
33352,https://myanimelist.net/anime/33352/Violet_Evergarden,True,"[{'type': 'Default', 'title': 'Violet Evergarden'}, {'type': 'Japanese', 'title': 'ヴァイオレット・エヴァーガーデン'}, {'type': 'English', 'title': 'Violet Evergarden'}]",Violet Evergarden,Violet Evergarden,ヴァイオレット・エヴァーガーデン,[],TV,Light novel,13.0,Finished Airing,False,24 min per ep,PG-13 - Teens 13 or older,8.69,1090772,74.0,46,1996004,69181,"The Great War finally came to an end after four long years of conflict; fractured in two, the continent of Telesis slowly began to flourish once again. Caught up in the bloodshed was Violet Evergarden, a young girl raised for the sole purpose of decimating enemy lines. Hospitalized and maimed in a bloody skirmish during the War's final leg, she was left with only words from the person she held dearest, but with no understanding of their meaning.

Recovering from her wounds, Violet starts a new life working at CH Postal Services after a falling out with her new intended guardian family. There, she witnesses by pure chance the work of an ""Auto Memory Doll,"" amanuenses that transcribe people's thoughts and feelings into words on paper. Moved by the notion, Violet begins work as an Auto Memory Doll, a trade that will take her on an adventure, one that will reshape the lives of her clients and hopefully lead to self-discovery.

[Written by MAL Rewrite]",,winter,2018.0,"[{'mal_id': 104, 'type': 'anime', 'name': 'Lantis', 'url': 'https://myanimelist.net/anime/producer/104/Lantis'}, {'mal_id': 144, 'type': 'anime', 'name': 'Pony Canyon', 'url': 'https://myanimelist.net/anime/producer/144/Pony_Canyon'}, {'mal_id': 211, 'type': 'anime', 'name': 'Rakuonsha', 'url': 'https://myanimelist.net/anime/producer/211/Rakuonsha'}, {'mal_id': 1500, 'type': 'anime', 'name': 'ABC Animation', 'url': 'https://myanimelist.net/anime/producer/1500/ABC_Animation'}]","[{'mal_id': 102, 'type': 'anime', 'name': 'Funimation', 'url': 'https://myanimelist.net/anime/producer/102/Funimation'}]","[{'mal_id': 2, 'type': 'anime', 'name': 'Kyoto Animation', 'url': 'https://myanimelist.net/anime/producer/2/Kyoto_Animation'}]","[{'mal_id': 8, 'type': 'anime', 'name': 'Drama', 'url': 'https://myanimelist.net/anime/genre/8/Drama'}]",[],[],[],https://myanimelist.net/images/anime/1795/95088.jpg,https://myanimelist.net/images/anime/1795/95088t.jpg,https://myanimelist.net/images/anime/1795/95088l.jpg,https://myanimelist.net/images/anime/1795/95088.webp,https://myanimelist.net/images/anime/1795/95088t.webp,https://myanimelist.net/images/anime/1795/95088l.webp,,,https://www.youtube-nocookie.com/embed/g5xWqjFglsk?enablejsapi=1&wmode=opaque&autoplay=1,,,,,,2018-01-11T00:00:00+00:00,2018-04-05T00:00:00+00:00,11,1,2018,5.0,4.0,2018.0,"Jan 11, 2018 to Apr 5, 2018",Thursdays,00:00,Asia/Tokyo,Thursdays at 00:00 (JST)
44074,https://myanimelist.net/anime/44074/Shiguang_Dailiren,True,"[{'type': 'Default', 'title': 'Shiguang Dailiren'}, {'type': 'Synonym', 'title': '時光代理人'}, {'type': 'Synonym', 'title': 'Jikou Dairinin'}, {'type': 'Synonym', 'title': 'Shi Guang Dai Li Ren'}, {'type': 'Japanese', 'title': '时光代理人'}, {'type': 'English', 'title': 'Link Click'}]",Shiguang Dailiren,Link Click,时光代理人,"['時光代理人', 'Jikou Dairinin', 'Shi Guang Dai Li Ren']",ONA,Original,11.0,Finished Airing,False,23 min per ep,PG-13 - Teens 13 or older,8.69,189634,73.0,542,480738,14890,"It is said that a picture is worth a thousand words. In this case, it holds an infinite amount of secrets. These are secrets that only Cheng Xiaoshi and Lu Guang are able to find. In a small shop called ""Time Photo Studio,"" the two friends provide a special service: using their extraordinary powers that let them enter photographs, they jump into pictures brought to them by clients in order to grant their wishes. Through the eyes of the photographer, they live through the events surrounding the picture and try to decipher how to solve their client's request.

But every time they jump into a picture, they take a great risk. One wrong move and they could alter the future of the person who took the picture... and possibly countless other events too. So when the events they are forced to live through in these pictures start to become personal, it will take the utmost strength to push their feelings aside and focus on accomplishing the task they were paid to do.

[Written by MAL Rewrite]",,,,"[{'mal_id': 1414, 'type': 'anime', 'name': 'bilibili', 'url': 'https://myanimelist.net/anime/producer/1414/bilibili'}, {'mal_id': 2357, 'type': 'anime', 'name': 'BeDream', 'url': 'https://myanimelist.net/anime/producer/2357/BeDream'}]","[{'mal_id': 102, 'type': 'anime', 'name': 'Funimation', 'url': 'https://myanimelist.net/anime/producer/102/Funimation'}]","[{'mal_id': 1774, 'type': 'anime', 'name': 'LAN Studio', 'url': 'https://myanimelist.net/anime/producer/1774/LAN_Studio'}]","[{'mal_id': 8, 'type': 'anime', 'name': 'Drama', 'url': 'https://myanimelist.net/anime/genre/8/Drama'}, {'mal_id': 7, 'type': 'anime', 'name': 'Mystery', 'url': 'https://myanimelist.net/anime/genre/7/Mystery'}, {'mal_id': 41, 'type': 'anime', 'name': 'Suspense', 'url': 'https://myanimelist.net/anime/genre/41/Suspense'}]",[],"[{'mal_id': 50, 'type': 'anime', 'name': 'Adult Cast', 'url': 'https://myanimelist.net/anime/genre/50/Adult_Cast'}, {'mal_id': 31, 'type': 'anime', 'name': 'Super Power', 'url': 'https://myanimelist.net/anime/genre/31/Super_Power'}, {'mal_id': 78, 'type': 'anime', 'name': 'Time Travel', 'url': 'https://myanimelist.net/anime/genre/78/Time_Travel'}]",[],https://myanimelist.net/images/anime/1135/114867.jpg,https://myanimelist.net/images/anime/1135/114867t.jpg,https://myanimelist.net/images/anime/1135/114867l.jpg,https://myanimelist.net/images/anime/1135/114867.webp,https://myanimelist.net/images/anime/1135/114867t.webp,https://myanimelist.net/images/anime/1135/114867l.webp,,,https://www.youtube-nocookie.com/embed/EANXr1vDjN8?enablejsapi=1&wmode=opaque&autoplay=1,,,,,,2021-04-30T00:00:00+00:00,2021-07-09T00:00:00+00:00,30,4,2021,9.0,7.0,2021.0,"Apr 30, 2021 to Jul 9, 2021",,,,
47778,https://myanimelist.net/anime/47778/Kimetsu_no_Yaiba__Yuukaku-hen,True,"[{'type': 'Default', 'title': 'Kimetsu no Yaiba: Yuukaku-hen'}, {'type': 'Japanese', 'title': '鬼滅の刃 遊郭編'}, {'type': 'English', 'title': 'Demon Slayer: Kimetsu no Yaiba Entertainment District Arc'}]",Kimetsu no Yaiba: Yuukaku-hen,Demon Slayer: Kimetsu no Yaiba Entertainment District Arc,鬼滅の刃 遊郭編,[],TV,Manga,11.0,Finished Airing,False,26 min per ep,R - 17+ (violence & profanity),8.69,1117112,71.0,72,1739367,25155,"The devastation of the Mugen Train incident still weighs heavily on the members of the Demon Slayer Corps. Despite being given time to recover, life must go on, as the wicked never sleep: a vicious demon is terrorizing the alluring women of the Yoshiwara Entertainment District. The Sound Hashira, Tengen Uzui, and his three wives are on the case. However, when he soon loses contact with his spouses, Tengen fears the worst and enlists the help of Tanjirou Kamado, Zenitsu Agatsuma, and Inosuke Hashibira to infiltrate the district's most prominent houses and locate the depraved Upper Rank Demon.

[Written by MAL Rewrite]",Kimetsu no Yaiba: Yuukaku-hen adapts chapters 67 to 97 of the original manga.,winter,2022.0,"[{'mal_id': 17, 'type': 'anime', 'name': 'Aniplex', 'url': 'https://myanimelist.net/anime/producer/17/Aniplex'}, {'mal_id': 719, 'type': 'anime', 'name': 'Studio Mausu', 'url': 'https://myanimelist.net/anime/producer/719/Studio_Mausu'}, {'mal_id': 1365, 'type': 'anime', 'name': 'Shueisha', 'url': 'https://myanimelist.net/anime/producer/1365/Shueisha'}]","[{'mal_id': 493, 'type': 'anime', 'name': 'Aniplex of America', 'url': 'https://myanimelist.net/anime/producer/493/Aniplex_of_America'}, {'mal_id': 1468, 'type': 'anime', 'name': 'Crunchyroll', 'url': 'https://myanimelist.net/anime/producer/1468/Crunchyroll'}]","[{'mal_id': 43, 'type': 'anime', 'name': 'ufotable', 'url': 'https://myanimelist.net/anime/producer/43/ufotable'}]","[{'mal_id': 1, 'type': 'anime', 'name': 'Action', 'url': 'https://myanimelist.net/anime/genre/1/Action'}, {'mal_id': 37, 'type': 'anime', 'name': 'Supernatural', 'url': 'https://myanimelist.net/anime/genre/37/Supernatural'}]",[],"[{'mal_id': 13, 'type': 'anime', 'name': 'Historical', 'url': 'https://myanimelist.net/anime/genre/13/Historical'}]","[{'mal_id': 27, 'type': 'anime', 'name': 'Shounen', 'url': 'https://myanimelist.net/anime/genre/27/Shounen'}]",https://myanimelist.net/images/anime/1908/120036.jpg,https://myanimelist.net/images/anime/1908/120036t.jpg,https://myanimelist.net/images/anime/1908/120036l.jpg,https://myanimelist.net/images/anime/1908/120036.webp,https://myanimelist.net/images/anime/1908/120036t.webp,https://myanimelist.net/images/anime/1908/120036l.webp,,,https://www.youtube-nocookie.com/embed/QwvWdnd2Ktg?enablejsapi=1&wmode=opaque&autoplay=1,,,,,,2021-12-05T00:00:00+00:00,2022-02-13T00:00:00+00:00,5,12,2021,13.0,2.0,2022.0,"Dec 5, 2021 to Feb 13, 2022",Sundays,23:15,Asia/Tokyo,Sundays at 23:15 (JST)
61930,https://myanimelist.net/anime/61930/Uma_Musume__Cinderella_Gray_Part_2,True,"[{'type': 'Default', 'title': 'Uma Musume: Cinderella Gray Part 2'}, {'type': 'Japanese', 'title': 'ウマ娘 シンデレラグレイ 第2クール'}, {'type': 'English', 'title': 'Umamusume: Cinderella Gray Part 2'}]",Uma Musume: Cinderella Gray Part 2,Umamusume: Cinderella Gray Part 2,ウマ娘 シンデレラグレイ 第2クール,[],TV,Manga,10.0,Finished Airing,False,23 min per ep,PG-13 - Teens 13 or older,8.68,33266,77.0,3110,65018,643,"Ever since horse girl Oguri Cap left the small town of Kasamatsu to chase greater heights in Tokyo, she has rapidly gained attention with her remarkable results. Her goal to become the best horse girl in Japan seems within reach, but there is a rival in her way—another running prodigy named Tamamo Cross.

However, Tamamo is not the only threat to Oguri: several world-class racers from overseas are joining the Japan Cup, pushing the renowned race's competition to unprecedented levels. With the support from the people close to her and her intense desire to win, Oguri will do anything to conquer the Japan Cup and continue sprinting for the top.

[Written by MAL Rewrite]",,fall,2025.0,"[{'mal_id': 145, 'type': 'anime', 'name': 'TBS', 'url': 'https://myanimelist.net/anime/producer/145/TBS'}, {'mal_id': 1397, 'type': 'anime', 'name': 'Universal Music Japan', 'url': 'https://myanimelist.net/anime/producer/1397/Universal_Music_Japan'}, {'mal_id': 1587, 'type': 'anime', 'name': 'Cygames', 'url': 'https://myanimelist.net/anime/producer/1587/Cygames'}, {'mal_id': 2074, 'type': 'anime', 'name': 'Bit grooove promotion', 'url': 'https://myanimelist.net/anime/producer/2074/Bit_grooove_promotion'}, {'mal_id': 2751, 'type': 'anime', 'name': 'Happinet Media Marketing', 'url': 'https://myanimelist.net/anime/producer/2751/Happinet_Media_Marketing'}]",[],"[{'mal_id': 1893, 'type': 'anime', 'name': 'CygamesPictures', 'url': 'https://myanimelist.net/anime/producer/1893/CygamesPictures'}]","[{'mal_id': 8, 'type': 'anime', 'name': 'Drama', 'url': 'https://myanimelist.net/anime/genre/8/Drama'}, {'mal_id': 30, 'type': 'anime', 'name': 'Sports', 'url': 'https://myanimelist.net/anime/genre/30/Sports'}]",[],"[{'mal_id': 51, 'type': 'anime', 'name': 'Anthropomorphic', 'url': 'https://myanimelist.net/anime/genre/51/Anthropomorphic'}, {'mal_id': 3, 'type': 'anime', 'name': 'Racing', 'url': 'https://myanimelist.net/anime/genre/3/Racing'}]","[{'mal_id': 42, 'type': 'anime', 'name': 'Seinen', 'url': 'https://myanimelist.net/anime/genre/42/Seinen'}]",https://myanimelist.net/images/anime/1120/152280.jpg,https://myanimelist.net/images/anime/1120/152280t.jpg,https://myanimelist.net/images/anime/1120/152280l.jpg,https://myanimelist.net/images/anime/1120/152280.webp,https://myanimelist.net/images/anime/1120/152280t.webp,https://myanimelist.net/images/anime/1120/152280l.webp,,,https://www.youtube-nocookie.com/embed/9xGGAYRtDAA?enablejsapi=1&wmode=opaque&autoplay=1,,,,,,2025-10-05T00:00:00+00:00,2025-12-21T00:00:00+00:00,5,10,2025,21.0,12.0,2025.0,"Oct 5, 2025 to Dec 21, 2025",Sundays,16:30,Asia/Tokyo,Sundays at 16:30 (JST)
53447,https://myanimelist.net/anime/53447/Tu_Bian_Yingxiong_X,True,"[{'type': 'Default', 'title': 'Tu Bian Yingxiong X'}, {'type': 'Japanese', 'title': '凸变英雄X'}, {'type': 'English', 'title': 'To Be Hero X'}]",Tu Bian Yingxiong X,To Be Hero X,凸变英雄X,[],ONA,Original,24.0,Finished Airing,False,23 min per ep,PG-13 - Teens 13 or older,8.68,110698,76.0,1136,248432,5246,"This is a world where heroes are created by people's trust, and the hero who has received the most trust is known as ""X."" In this world, people's trust can be calculated by data, and these values will be reflected on everyone's wrist. As long as enough trust points are obtained, ordinary people can also have superpowers and become superheroes that save the world. However, the ever-changing trust value makes the hero's path full of unknowns...

(Source: Bilibili, translated)",,,,"[{'mal_id': 17, 'type': 'anime', 'name': 'Aniplex', 'url': 'https://myanimelist.net/anime/producer/17/Aniplex'}, {'mal_id': 1414, 'type': 'anime', 'name': 'bilibili', 'url': 'https://myanimelist.net/anime/producer/1414/bilibili'}, {'mal_id': 2357, 'type': 'anime', 'name': 'BeDream', 'url': 'https://myanimelist.net/anime/producer/2357/BeDream'}]",[],"[{'mal_id': 1771, 'type': 'anime', 'name': 'Pb Animation', 'url': 'https://myanimelist.net/anime/producer/1771/Pb_Animation'}, {'mal_id': 1774, 'type': 'anime', 'name': 'LAN Studio', 'url': 'https://myanimelist.net/anime/producer/1774/LAN_Studio'}, {'mal_id': 2310, 'type': 'anime', 'name': 'Paper Plane Animation Studio', 'url': 'https://myanimelist.net/anime/producer/2310/Paper_Plane_Animation_Studio'}, {'mal_id': 3251, 'type': 'anime', 'name': 'B.COOL STUDIO', 'url': 'https://myanimelist.net/anime/producer/3251/BCOOL_STUDIO'}]","[{'mal_id': 1, 'type': 'anime', 'name': 'Action', 'url': 'https://myanimelist.net/anime/genre/1/Action'}]",[],"[{'mal_id': 31, 'type': 'anime', 'name': 'Super Power', 'url': 'https://myanimelist.net/anime/genre/31/Super_Power'}]",[],https://myanimelist.net/images/anime/1492/150628.jpg,https://myanimelist.net/images/anime/1492/150628t.jpg,https://myanimelist.net/images/anime/1492/150628l.jpg,https://myanimelist.net/images/anime/1492/150628.webp,https://myanimelist.net/images/anime/1492/150628t.webp,https://myanimelist.net/images/anime/1492/150628l.webp,,,https://www.youtube-nocookie.com/embed/4-e9BXNbDlc?enablejsapi=1&wmode=opaque&autoplay=1,,,,,,2025-04-06T00:00:00+00:00,2025-09-14T00:00:00+00:00,6,4,2025,14.0,9.0,2025.0,"Apr 6, 2025 to Sep 14, 2025",,,,
245,https://myanimelist.net/anime/245/Great_Teacher_Onizuka,True,"[{'type': 'Default', 'title': 'Great Teacher Onizuka'}, {'type': 'Synonym', 'title': 'GTO'}, {'type': 'Synonym', 'title': 'GTO - The Animation'}, {'type': 'Japanese', 'title': 'グレート・ティーチャー・オニヅカ'}, {'type': 'English', 'title': 'Great Teacher Onizuka'}]",Great Teacher Onizuka,Great Teacher Onizuka,グレート・ティーチャー・オニヅカ,"['GTO', 'GTO - The Animation']",TV,Manga,43.0,Finished Airing,False,25 min per ep,R - 17+ (violence & profanity),8.68,449736,75.0,221,920596,28755,"Twenty-two-year-old Eikichi Onizuka—ex-biker gang leader, conqueror of Shonan, and virgin—has a dream: to become the greatest high school teacher in all of Japan. This isn't because of a passion for teaching, but because he wants a loving teenage wife when he's old and gray. Still, for a perverted, greedy, and lazy delinquent, there is more to Onizuka than meets the eye. So when he lands a job as the homeroom teacher of the Class 3-4 at the prestigious Holy Forest Academy—despite suplexing the Vice Principal—all of his talents are put to the test, as this class is particularly infamous.

Due to their utter contempt for all teachers, the class' students use psychological warfare to mentally break any new homeroom teacher they get, forcing them to quit and leave school. However, Onizuka isn't your average teacher, and he's ready for any challenge in his way.

Bullying, suicide, and sexual harassment are just a few of the issues his students face daily. By tackling the roots of their problems, Onizuka supports them with his unpredictable and unconventional methods—even if it means jumping off a building to save a suicidal child. Thanks to his eccentric charm and fun-loving nature, Class 3-4 slowly learns just how enjoyable school can be when you're the pupils of the Great Teacher Onizuka.

[Written by MAL Rewrite]","First episode has a duration of 48 minutes, standard length is 24 minutes.",summer,1999.0,"[{'mal_id': 17, 'type': 'anime', 'name': 'Aniplex', 'url': 'https://myanimelist.net/anime/producer/17/Aniplex'}, {'mal_id': 169, 'type': 'anime', 'name': 'Fuji TV', 'url': 'https://myanimelist.net/anime/producer/169/Fuji_TV'}, {'mal_id': 1392, 'type': 'anime', 'name': 'Zack Promotion', 'url': 'https://myanimelist.net/anime/producer/1392/Zack_Promotion'}]","[{'mal_id': 467, 'type': 'anime', 'name': 'Discotek Media', 'url': 'https://myanimelist.net/anime/producer/467/Discotek_Media'}, {'mal_id': 484, 'type': 'anime', 'name': 'Tokyopop', 'url': 'https://myanimelist.net/anime/producer/484/Tokyopop'}]","[{'mal_id': 1, 'type': 'anime', 'name': 'Studio Pierrot', 'url': 'https://myanimelist.net/anime/producer/1/Studio_Pierrot'}]","[{'mal_id': 4, 'type': 'anime', 'name': 'Comedy', 'url': 'https://myanimelist.net/anime/genre/4/Comedy'}]",[],"[{'mal_id': 55, 'type': 'anime', 'name': 'Delinquents', 'url': 'https://myanimelist.net/anime/genre/55/Delinquents'}, {'mal_id': 23, 'type': 'anime', 'name': 'School', 'url': 'https://myanimelist.net/anime/genre/23/School'}, {'mal_id': 48, 'type': 'anime', 'name': 'Workplace', 'url': 'https://myanimelist.net/anime/genre/48/Workplace'}]","[{'mal_id': 27, 'type': 'anime', 'name': 'Shounen', 'url': 'https://myanimelist.net/anime/genre/27/Shounen'}]",https://myanimelist.net/images/anime/13/11460.jpg,https://myanimelist.net/images/anime/13/11460t.jpg,https://myanimelist.net/images/anime/13/11460l.jpg,https://myanimelist.net/images/anime/13/11460.webp,https://myanimelist.net/images/anime/13/11460t.webp,https://myanimelist.net/images/anime/13/11460l.webp,,,,,,,,,1999-06-30T00:00:00+00:00,2000-09-17T00:00:00+00:00,30,6,1999,17.0,9.0,2000.0,"Jun 30, 1999 to Sep 17, 2000",Wednesdays,19:30,Asia/Tokyo,Wednesdays at 19:30 (JST)
61517,https://myanimelist.net/anime/61517/Kingdom_6th_Season,True,"[{'type': 'Default', 'title': 'Kingdom 6th Season'}, {'type': 'Japanese', 'title': 'キングダム 第6シリーズ'}, {'type': 'English', 'title': 'Kingdom Season 6'}]",Kingdom 6th Season,Kingdom Season 6,キングダム 第6シリーズ,[],TV,Manga,13.0,Finished Airing,False,24 min per ep,R - 17+ (violence & profanity),8.67,17246,82.0,4160,38649,467,"In ancient China, during the Warring States period, a former servant named Xin rises through the ranks with a dream: to become the greatest general under the heavens. Fighting alongside King Ying Zheng of Qin—who seeks to unify China and end the chaos—Xin leads his own unit, the Fei Xin Force, onto the battlefield.

With power reclaimed from the influential Chancellor Buwei Lü, King Ying Zheng begins laying the groundwork for a new, unified legal state with the support of key allies like strategist Changping Jun and legalist Li Si.

As Qin launches a campaign to seize new territory from the state of Zhao, their advance is halted by the brilliant strategist, Li Mu. In response, Changping Jun devises a bold plan: to bypass Zhao's defenses and strike at the key city of Gyou, near Zhao's capital.

To carry out this risky maneuver, a powerful coalition army is formed—led by the tacticians Ou Sen (Wang Jian), Kan Ki (Huan Yi), and the warrior queen Yo Tan Wa (Yang Duanhe). Joining them are the next generation of Qin commanders: Xin's Fei Xin Force, Mou Ten (Meng Tian)'s Gaku Ka Unit, and Ou Hon (Wang Ben)'s Gyoku Hou Unit, each operating independently.

The fierce battle for Gyou begins, as the future of Qin's unification hangs in the balance.

(Source: MAL News)",,fall,2025.0,"[{'mal_id': 1284, 'type': 'anime', 'name': 'Avex Pictures', 'url': 'https://myanimelist.net/anime/producer/1284/Avex_Pictures'}, {'mal_id': 1365, 'type': 'anime', 'name': 'Shueisha', 'url': 'https://myanimelist.net/anime/producer/1365/Shueisha'}, {'mal_id': 1797, 'type': 'anime', 'name': 'NHK Enterprises', 'url': 'https://myanimelist.net/anime/producer/1797/NHK_Enterprises'}]",[],"[{'mal_id': 1, 'type': 'anime', 'name': 'Studio Pierrot', 'url': 'https://myanimelist.net/anime/producer/1/Studio_Pierrot'}, {'mal_id': 1998, 'type': 'anime', 'name': 'Studio Signpost', 'url': 'https://myanimelist.net/anime/producer/1998/Studio_Signpost'}]","[{'mal_id': 1, 'type': 'anime', 'name': 'Action', 'url': 'https://myanimelist.net/anime/genre/1/Action'}]",[],"[{'mal_id': 13, 'type': 'anime', 'name': 'Historical', 'url': 'https://myanimelist.net/anime/genre/13/Historical'}, {'mal_id': 38, 'type': 'anime', 'name': 'Military', 'url': 'https://myanimelist.net/anime/genre/38/Military'}]","[{'mal_id': 42, 'type': 'anime', 'name': 'Seinen', 'url': 'https://myanimelist.net/anime/genre/42/Seinen'}]",https://myanimelist.net/images/anime/1282/151476.jpg,https://myanimelist.net/images/anime/1282/151476t.jpg,https://myanimelist.net/images/anime/1282/151476l.jpg,https://myanimelist.net/images/anime/1282/151476.webp,https://myanimelist.net/images/anime/1282/151476t.webp,https://myanimelist.net/images/anime/1282/151476l.webp,,,https://www.youtube-nocookie.com/embed/U3TdjxwaFik?enablejsapi=1&wmode=opaque&autoplay=1,,,,,,2025-10-05T00:00:00+00:00,2025-12-28T00:00:00+00:00,5,10,2025,28.0,12.0,2025.0,"Oct 5, 2025 to Dec 28, 2025",Sundays,00:10,Asia/Tokyo,Sundays at 00:10 (JST)
59192,https://myanimelist.net/anime/59192/Kimetsu_no_Yaiba_Movie_1__Mugenjou-hen_-_Akaza_Sairai,True,"[{'type': 'Default', 'title': 'Kimetsu no Yaiba Movie 1: Mugenjou-hen - Akaza Sairai'}, {'type': 'Japanese', 'title': '劇場版 鬼滅の刃 無限城編 第一章 猗窩座再来'}, {'type': 'English', 'title': 'Demon Slayer: Kimetsu no Yaiba - The Movie: Infinity Castle - Part 1: Akaza Returns'}]",Kimetsu no Yaiba Movie 1: Mugenjou-hen - Akaza Sairai,Demon Slayer: Kimetsu no Yaiba - The Movie: Infinity Castle - Part 1: Akaza Returns,劇場版 鬼滅の刃 無限城編 第一章 猗窩座再来,[],Movie,Manga,1.0,Finished Airing,False,2 hr 35 min,R - 17+ (violence & profanity),8.67,191353,81.0,735,372667,3464,First anime movie of the trilogy adaptation of the Infinity Castle Arc.,,,,"[{'mal_id': 17, 'type': 'anime', 'name': 'Aniplex', 'url': 'https://myanimelist.net/anime/producer/17/Aniplex'}, {'mal_id': 1365, 'type': 'anime', 'name': 'Shueisha', 'url': 'https://myanimelist.net/anime/producer/1365/Shueisha'}]",[],"[{'mal_id': 43, 'type': 'anime', 'name': 'ufotable', 'url': 'https://myanimelist.net/anime/producer/43/ufotable'}]","[{'mal_id': 1, 'type': 'anime', 'name': 'Action', 'url': 'https://myanimelist.net/anime/genre/1/Action'}, {'mal_id': 46, 'type': 'anime', 'name': 'Award Winning', 'url': 'https://myanimelist.net/anime/genre/46/Award_Winning'}, {'mal_id': 37, 'type': 'anime', 'name': 'Supernatural', 'url': 'https://myanimelist.net/anime/genre/37/Supernatural'}]",[],"[{'mal_id': 13, 'type': 'anime', 'name': 'Historical', 'url': 'https://myanimelist.net/anime/genre/13/Historical'}]","[{'mal_id': 27, 'type': 'anime', 'name': 'Shounen', 'url': 'https://myanimelist.net/anime/genre/27/Shounen'}]",https://myanimelist.net/images/anime/1681/148216.jpg,https://myanimelist.net/images/anime/1681/148216t.jpg,https://myanimelist.net/images/anime/1681/148216l.jpg,https://myanimelist.net/images/anime/1681/148216.webp,https://myanimelist.net/images/anime/1681/148216t.webp,https://myanimelist.net/images/anime/1681/148216l.webp,,,https://www.youtube-nocookie.com/embed/wPFeBxt7VXI?enablejsapi=1&wmode=opaque&autoplay=1,,,,,,2025-07-18T00:00:00+00:00,,18,7,2025,,,,"Jul 18, 2025",,,,
56784,https://myanimelist.net/anime/56784/Bleach__Sennen_Kessen-hen_-_Soukoku-tan,True,"[{'type': 'Default', 'title': 'Bleach: Sennen Kessen-hen - Soukoku-tan'}, {'type': 'Synonym', 'title': 'Bleach: Thousand-Year Blood War Arc Part 3'}, {'type': 'Japanese', 'title': 'BLEACH 千年血戦篇-相剋譚-'}, {'type': 'English', 'title': 'Bleach: Thousand-Year Blood War - The Conflict'}]",Bleach: Sennen Kessen-hen - Soukoku-tan,Bleach: Thousand-Year Blood War - The Conflict,BLEACH 千年血戦篇-相剋譚-,['Bleach: Thousand-Year Blood War Arc Part 3'],TV,Manga,14.0,Finished Airing,False,24 min per ep,R - 17+ (violence & profanity),8.67,157731,78.0,942,296391,3716,"After an awe-inspiring battle with Ichibei Hyousube—leader of the Soul Society's Royal Guard—the powerful Yhwach moves into the final stage of his master plan. He aims to slay the Soul King, the being whose very existence maintains the status quo of three worlds: Hueco Mundo, the Soul Society, and the realm of humans that Ichigo Kurosaki and his closest friends hail from. Conquering his own bout with the remainder of the Royal Guard, Uryuu Ishida joins Yhwach in his efforts to create a new world in his image.

With a flood of resolution and newfound power, Ichigo rushes to stop Yhwach from accomplishing his ultimate goal and save the countless lives within the three existing realms. But Ichigo has a complicated lineage, one that leaves him susceptible to Yhwach's sinister influence.

Meanwhile, in a final desperate gambit, Jirou Sakuranosuke Shunsui Kyouraku, the newly promoted head captain of the Soul Society's combat corps, enlists the help of an old enemy whose immense power may turn the tide of battle.

[Written by MAL Rewrite]",,fall,2024.0,"[{'mal_id': 1, 'type': 'anime', 'name': 'Studio Pierrot', 'url': 'https://myanimelist.net/anime/producer/1/Studio_Pierrot'}, {'mal_id': 16, 'type': 'anime', 'name': 'TV Tokyo', 'url': 'https://myanimelist.net/anime/producer/16/TV_Tokyo'}, {'mal_id': 17, 'type': 'anime', 'name': 'Aniplex', 'url': 'https://myanimelist.net/anime/producer/17/Aniplex'}, {'mal_id': 53, 'type': 'anime', 'name': 'Dentsu', 'url': 'https://myanimelist.net/anime/producer/53/Dentsu'}, {'mal_id': 1365, 'type': 'anime', 'name': 'Shueisha', 'url': 'https://myanimelist.net/anime/producer/1365/Shueisha'}, {'mal_id': 1392, 'type': 'anime', 'name': 'Zack Promotion', 'url': 'https://myanimelist.net/anime/producer/1392/Zack_Promotion'}]","[{'mal_id': 119, 'type': 'anime', 'name': 'VIZ Media', 'url': 'https://myanimelist.net/anime/producer/119/VIZ_Media'}]","[{'mal_id': 2951, 'type': 'anime', 'name': 'Pierrot Films', 'url': 'https://myanimelist.net/anime/producer/2951/Pierrot_Films'}]","[{'mal_id': 1, 'type': 'anime', 'name': 'Action', 'url': 'https://myanimelist.net/anime/genre/1/Action'}, {'mal_id': 2, 'type': 'anime', 'name': 'Adventure', 'url': 'https://myanimelist.net/anime/genre/2/Adventure'}, {'mal_id': 37, 'type': 'anime', 'name': 'Supernatural', 'url': 'https://myanimelist.net/anime/genre/37/Supernatural'}]",[],[],"[{'mal_id': 27, 'type': 'anime', 'name': 'Shounen', 'url': 'https://myanimelist.net/anime/genre/27/Shounen'}]",https://myanimelist.net/images/anime/1595/144074.jpg,https://myanimelist.net/images/anime/1595/144074t.jpg,https://myanimelist.net/images/anime/1595/144074l.jpg,https://myanimelist.net/images/anime/1595/144074.webp,https://myanimelist.net/images/anime/1595/144074t.webp,https://myanimelist.net/images/anime/1595/144074l.webp,,,https://www.youtube-nocookie.com/embed/tShYCQALuH8?enablejsapi=1&wmode=opaque&autoplay=1,,,,,,2024-10-05T00:00:00+00:00,2024-12-28T00:00:00+00:00,5,10,2024,28.0,12.0,2024.0,"Oct 5, 2024 to Dec 28, 2024",Saturdays,23:00,Asia/Tokyo,Saturdays at 23:00 (JST)
5258,https://myanimelist.net/anime/5258/Hajime_no_Ippo__New_Challenger,True,"[{'type': 'Default', 'title': 'Hajime no Ippo: New Challenger'}, {'type': 'Synonym', 'title': 'Hajime no Ippo New Series'}, {'type': 'Synonym', 'title': 'Hajime no Ippo Season II'}, {'type': 'Synonym', 'title': 'Hajime no Ippo 2'}, {'type': 'Japanese', 'title': 'はじめの一歩 新シリーズ'}, {'type': 'English', 'title': 'Fighting Spirit: New Challenger'}, {'type': 'Spanish', 'title': 'Hajime no Ippo: The Fighting. New Challenger'}]",Hajime no Ippo: New Challenger,Fighting Spirit: New Challenger,はじめの一歩 新シリーズ,"['Hajime no Ippo New Series', 'Hajime no Ippo Season II', 'Hajime no Ippo 2']",TV,Manga,26.0,Finished Airing,False,23 min per ep,PG-13 - Teens 13 or older,8.67,189725,79.0,862,326670,1951,"Japanese Featherweight Champion Ippo Makunouchi has successfully defended and retained his title. Meanwhile, his rival, Ichirou Miyata, has resurfaced in Japan, aiming for his own Featherweight belt in the Oriental Pacific Boxing Federation. When the rest of the world comes knocking, however, will Japan's best fighters rise to the challenge and achieve glory at the top? Or will the small island nation be crushed under the weight of greater entities? This time, champions will become challengers issuing a call to the rest of the world and ready to show off their fighting spirit!

[Written by MAL Rewrite]",,winter,2009.0,"[{'mal_id': 29, 'type': 'anime', 'name': 'VAP', 'url': 'https://myanimelist.net/anime/producer/29/VAP'}, {'mal_id': 159, 'type': 'anime', 'name': 'Kodansha', 'url': 'https://myanimelist.net/anime/producer/159/Kodansha'}, {'mal_id': 1003, 'type': 'anime', 'name': 'Nippon Television Network', 'url': 'https://myanimelist.net/anime/producer/1003/Nippon_Television_Network'}]",[],"[{'mal_id': 11, 'type': 'anime', 'name': 'Madhouse', 'url': 'https://myanimelist.net/anime/producer/11/Madhouse'}]","[{'mal_id': 30, 'type': 'anime', 'name': 'Sports', 'url': 'https://myanimelist.net/anime/genre/30/Sports'}]",[],"[{'mal_id': 54, 'type': 'anime', 'name': 'Combat Sports', 'url': 'https://myanimelist.net/anime/genre/54/Combat_Sports'}]","[{'mal_id': 27, 'type': 'anime', 'name': 'Shounen', 'url': 'https://myanimelist.net/anime/genre/27/Shounen'}]",https://myanimelist.net/images/anime/8/56617.jpg,https://myanimelist.net/images/anime/8/56617t.jpg,https://myanimelist.net/images/anime/8/56617l.jpg,https://myanimelist.net/images/anime/8/56617.webp,https://myanimelist.net/images/anime/8/56617t.webp,https://myanimelist.net/images/anime/8/56617l.webp,,,,,,,,,2009-01-07T00:00:00+00:00,2009-07-01T00:00:00+00:00,7,1,2009,1.0,7.0,2009.0,"Jan 7, 2009 to Jul 1, 2009",Wednesdays,01:29,Asia/Tokyo,Wednesdays at 01:29 (JST)
431,https://myanimelist.net/anime/431/Howl_no_Ugoku_Shiro,True,"[{'type': 'Default', 'title': 'Howl no Ugoku Shiro'}, {'type': 'Japanese', 'title': 'ハウルの動く城'}, {'type': 'English', 'title': ""Howl's Moving Castle""}, {'type': 'German', 'title': 'Das wandelnde Schloss'}, {'type': 'Spanish', 'title': 'El Castillo Ambulante'}, {'type': 'French', 'title': 'Le Château ambulant'}]",Howl no Ugoku Shiro,Howl's Moving Castle,ハウルの動く城,[],Movie,Novel,1.0,Finished Airing,False,1 hr 59 min,G - All Ages,8.67,1026106,80.0,99,1489751,31770,"That jumbled piece of architecture, that cacophony of hissing steam and creaking joints, with smoke billowing from it as it moves on its own... That castle is home to the magnificent wizard Howl, infamous for both his magical prowess and for being a womanizer—or so the rumor goes in Sophie Hatter's small town. Sophie, as the plain daughter of a hatmaker, does not expect much from her future and is content with working hard in the shop. 

However, Sophie's simple life takes a turn for the exciting when she is ensnared in a disturbing situation, and the mysterious wizard appears to rescue her. Unfortunately, this encounter, brief as it may be, spurs the vain and vengeful Witch of the Waste—in a fit of jealousy caused by a past discord with Howl—to put a curse on the maiden, turning her into an old woman.

In an endeavor to return to normal, Sophie must accompany Howl and a myriad of eccentric companions—ranging from a powerful fire demon to a hopping scarecrow—in his living castle, on a dangerous adventure as a raging war tears their kingdom apart.

[Written by MAL Rewrite]","Howl No Ugoku Shiro premiered at the Venice Film Festival in 2004 and was later released to Japanese theaters in November, making it one of only three Studio Ghibli films not to be released in July. In 2004 the film won the Osella Awards for Technical Achievement in the 61st Venice Film Festival, the Best Japanese Movie Overall in the Mainichi Film Awards and an Excellence Prize, Animation in the Japan Media Arts Festival. In 2005 the film won the Animation of the Year in the Tokyo International Anime Fair and the Audience Award in the Maui Film Festival. In 2006 it was nominated for the Best Animated Feature in the 78th Academy Award, but lost to the movie Wallace and Gromit: The Curse of the Were-Rabbit.",,,"[{'mal_id': 164, 'type': 'anime', 'name': 'd-rights', 'url': 'https://myanimelist.net/anime/producer/164/d-rights'}, {'mal_id': 382, 'type': 'anime', 'name': 'Tokuma Shoten', 'url': 'https://myanimelist.net/anime/producer/382/Tokuma_Shoten'}, {'mal_id': 3024, 'type': 'anime', 'name': 'Fonishia', 'url': 'https://myanimelist.net/anime/producer/3024/Fonishia'}]","[{'mal_id': 417, 'type': 'anime', 'name': 'Disney Platform Distribution', 'url': 'https://myanimelist.net/anime/producer/417/Disney_Platform_Distribution'}]","[{'mal_id': 21, 'type': 'anime', 'name': 'Studio Ghibli', 'url': 'https://myanimelist.net/anime/producer/21/Studio_Ghibli'}]","[{'mal_id': 2, 'type': 'anime', 'name': 'Adventure', 'url': 'https://myanimelist.net/anime/genre/2/Adventure'}, {'mal_id': 46, 'type': 'anime', 'name': 'Award Winning', 'url': 'https://myanimelist.net/anime/genre/46/Award_Winning'}, {'mal_id': 8, 'type': 'anime', 'name': 'Drama', 'url': 'https://myanimelist.net/anime/genre/8/Drama'}, {'mal_id': 10, 'type': 'anime', 'name': 'Fantasy', 'url': 'https://myanimelist.net/anime/genre/10/Fantasy'}, {'mal_id': 22, 'type': 'anime', 'name': 'Romance', 'url': 'https://myanimelist.net/anime/genre/22/Romance'}]",[],[],[],https://myanimelist.net/images/anime/1470/138723.jpg,https://myanimelist.net/images/anime/1470/138723t.jpg,https://myanimelist.net/images/anime/1470/138723l.jpg,https://myanimelist.net/images/anime/1470/138723.webp,https://myanimelist.net/images/anime/1470/138723t.webp,https://myanimelist.net/images/anime/1470/138723l.webp,,,https://www.youtube-nocookie.com/embed/ARCQf2CEr8k?enablejsapi=1&wmode=opaque&autoplay=1,,,,,,2004-11-20T00:00:00+00:00,,20,11,2004,,,,"Nov 20, 2004",,,,
164,https://myanimelist.net/anime/164/Mononoke_Hime,True,"[{'type': 'Default', 'title': 'Mononoke Hime'}, {'type': 'Synonym', 'title': 'Mononoke Hime'}, {'type': 'Japanese', 'title': 'もののけ姫'}, {'type': 'English', 'title': 'Princess Mononoke'}, {'type': 'German', 'title': 'Prinzessin Mononoke'}, {'type': 'Spanish', 'title': 'La Princesa Mononoke'}, {'type': 'French', 'title': 'Princesse Mononoké'}]",Mononoke Hime,Princess Mononoke,もののけ姫,['Mononoke Hime'],Movie,Original,1.0,Finished Airing,False,2 hr 13 min,PG-13 - Teens 13 or older,8.67,888279,83.0,108,1380556,24227,"When an Emishi village is attacked by a fierce demon boar, the young prince Ashitaka puts his life at stake to defend his tribe. With its dying breath, the beast curses the prince's arm, granting him demonic powers while gradually siphoning his life away. Instructed by the village elders to travel westward for a cure, Ashitaka arrives at Tatara, the Iron Town, where he finds himself embroiled in a fierce conflict: Lady Eboshi of Tatara, promoting constant deforestation, stands against Princess San and the sacred spirits of the forest, who are furious at the destruction brought by the humans. As the opposing forces of nature and mankind begin to clash in a desperate struggle for survival, Ashitaka attempts to seek harmony between the two, all the while battling the latent demon inside of him. Princess Mononoke is a tale depicting the connection of technology and nature, while showing the path to harmony that could be achieved by mutual acceptance.

[Written by MAL Rewrite]","In 1997, the film won Best Japanese Movie, Best Animation, and Japanese Movie Fans' Choice awards during the 52nd Mainichi Film Awards. In 1998, the film won the Best Picture award during the 21st Japan Academy Awards.",,,"[{'mal_id': 382, 'type': 'anime', 'name': 'Tokuma Shoten', 'url': 'https://myanimelist.net/anime/producer/382/Tokuma_Shoten'}, {'mal_id': 1003, 'type': 'anime', 'name': 'Nippon Television Network', 'url': 'https://myanimelist.net/anime/producer/1003/Nippon_Television_Network'}, {'mal_id': 2981, 'type': 'anime', 'name': 'Omnibus Promotion', 'url': 'https://myanimelist.net/anime/producer/2981/Omnibus_Promotion'}]","[{'mal_id': 783, 'type': 'anime', 'name': 'GKIDS', 'url': 'https://myanimelist.net/anime/producer/783/GKIDS'}]","[{'mal_id': 21, 'type': 'anime', 'name': 'Studio Ghibli', 'url': 'https://myanimelist.net/anime/producer/21/Studio_Ghibli'}]","[{'mal_id': 1, 'type': 'anime', 'name': 'Action', 'url': 'https://myanimelist.net/anime/genre/1/Action'}, {'mal_id': 2, 'type': 'anime', 'name': 'Adventure', 'url': 'https://myanimelist.net/anime/genre/2/Adventure'}, {'mal_id': 46, 'type': 'anime', 'name': 'Award Winning', 'url': 'https://myanimelist.net/anime/genre/46/Award_Winning'}, {'mal_id': 10, 'type': 'anime', 'name': 'Fantasy', 'url': 'https://myanimelist.net/anime/genre/10/Fantasy'}]",[],[],[],https://myanimelist.net/images/anime/1355/147277.jpg,https://myanimelist.net/images/anime/1355/147277t.jpg,https://myanimelist.net/images/anime/1355/147277l.jpg,https://myanimelist.net/images/anime/1355/147277.webp,https://myanimelist.net/images/anime/1355/147277t.webp,https://myanimelist.net/images/anime/1355/147277l.webp,,,https://www.youtube-nocookie.com/embed/I1dHzoRl0sQ?enablejsapi=1&wmode=opaque&autoplay=1,,,,,,1997-07-12T00:00:00+00:00,,12,7,1997,,,,"Jul 12, 1997",,,,
57864,https://myanimelist.net/anime/57864/Monogatari_Series__Off___Monster_Season,True,"[{'type': 'Default', 'title': 'Monogatari Series: Off & Monster Season'}, {'type': 'Synonym', 'title': 'Orokamonogatari'}, {'type': 'Synonym', 'title': 'Wazamonogatari'}, {'type': 'Synonym', 'title': 'Nademonogatari'}, {'type': 'Synonym', 'title': 'Shinobumonogatari'}, {'type': 'Japanese', 'title': '〈物語〉シリーズ オフ&モンスターシーズン'}, {'type': 'English', 'title': 'Monogatari Series: Off & Monster Season'}]",Monogatari Series: Off & Monster Season,Monogatari Series: Off & Monster Season,〈物語〉シリーズ オフ&モンスターシーズン,"['Orokamonogatari', 'Wazamonogatari', 'Nademonogatari', 'Shinobumonogatari']",ONA,Light novel,14.0,Finished Airing,False,25 min per ep,R - 17+ (violence & profanity),8.65,39697,84.0,2340,103603,897,"Koyomi Araragi spent his last year of high school helping girls in his town resolve various supernatural afflictions. But now Araragi has departed for university, leaving his friends to fend for themselves against new problems and curses that plague them. Yotsugi Ononoki, once a human corpse and now a living doll, takes residence in Araragi's home, keeping watch over his sister Tsukihi, a girl harboring a mystical secret of her own. As part of her duties, Yotsugi fills Araragi's vacated role as occult expert, assisting others in town with their issues.

One of these girls, middle school student Nadeko Sengoku, slowly recovers from her own recent brushes with the paranormal. She avoids returning to school, instead spending time alone in her room and pursuing her dream of becoming a professional manga artist. In order to speed up Nadeko's quest for mastery of her craft, Yotsugi convinces her to create four copies of herself, each representing a distinct aspect of Nadeko's personality. However, the clones refuse to help Nadeko, instead escaping into the town and creating a chaotic mess. Now forced to grapple with her own fractured sense of identity, Nadeko sets out to capture them and resolve her inner conflict.

[Written by MAL Rewrite]","Monogatari Series: Off & Monster Season was released on Blu-ray and DVD in seven volumes from December 11, 2024, to June 4, 2025.",,,"[{'mal_id': 17, 'type': 'anime', 'name': 'Aniplex', 'url': 'https://myanimelist.net/anime/producer/17/Aniplex'}, {'mal_id': 159, 'type': 'anime', 'name': 'Kodansha', 'url': 'https://myanimelist.net/anime/producer/159/Kodansha'}, {'mal_id': 211, 'type': 'anime', 'name': 'Rakuonsha', 'url': 'https://myanimelist.net/anime/producer/211/Rakuonsha'}]","[{'mal_id': 493, 'type': 'anime', 'name': 'Aniplex of America', 'url': 'https://myanimelist.net/anime/producer/493/Aniplex_of_America'}]","[{'mal_id': 44, 'type': 'anime', 'name': 'Shaft', 'url': 'https://myanimelist.net/anime/producer/44/Shaft'}]","[{'mal_id': 4, 'type': 'anime', 'name': 'Comedy', 'url': 'https://myanimelist.net/anime/genre/4/Comedy'}, {'mal_id': 7, 'type': 'anime', 'name': 'Mystery', 'url': 'https://myanimelist.net/anime/genre/7/Mystery'}, {'mal_id': 37, 'type': 'anime', 'name': 'Supernatural', 'url': 'https://myanimelist.net/anime/genre/37/Supernatural'}]",[],"[{'mal_id': 32, 'type': 'anime', 'name': 'Vampire', 'url': 'https://myanimelist.net/anime/genre/32/Vampire'}]",[],https://myanimelist.net/images/anime/1142/146776.jpg,https://myanimelist.net/images/anime/1142/146776t.jpg,https://myanimelist.net/images/anime/1142/146776l.jpg,https://myanimelist.net/images/anime/1142/146776.webp,https://myanimelist.net/images/anime/1142/146776t.webp,https://myanimelist.net/images/anime/1142/146776l.webp,,,https://www.youtube-nocookie.com/embed/wMQY20isBQs?enablejsapi=1&wmode=opaque&autoplay=1,,,,,,2024-07-06T00:00:00+00:00,2024-10-19T00:00:00+00:00,6,7,2024,19.0,10.0,2024.0,"Jul 6, 2024 to Oct 19, 2024",,,,
57647,https://myanimelist.net/anime/57647/Uma_Musume__Pretty_Derby_-_Shin_Jidai_no_Tobira,True,"[{'type': 'Default', 'title': 'Uma Musume: Pretty Derby - Shin Jidai no Tobira'}, {'type': 'Japanese', 'title': 'ウマ娘 プリティーダービー 新時代の扉'}, {'type': 'English', 'title': 'Umamusume: Pretty Derby - Beginning of a New Era'}]",Uma Musume: Pretty Derby - Shin Jidai no Tobira,Umamusume: Pretty Derby - Beginning of a New Era,ウマ娘 プリティーダービー 新時代の扉,[],Movie,Game,1.0,Finished Airing,False,1 hr 47 min,PG-13 - Teens 13 or older,8.65,35516,86.0,3321,57879,1026,"Running in the highest level of horse racing, the Twinkle Series, is the dream of many horse girls. Although she has only taken part in freestyle racing before, horse girl Jungle Pocket discovers that very same aspiration after she witnesses Fuji Kiseki's tremendous victory on a grand stage. Equipped with unwavering self-confidence, Jungle Pocket is quickly able to accumulate a few victories, allowing her to participate in higher-level races.

When Jungle Pocket takes part in her first G1 race alongside another rising racer—the highly intelligent and eccentric Agnes Tachyon—she realizes the enormous gap in their abilities. However, that only motivates Jungle Pocket even further as she resolves to get her revenge against Tachyon by winning the honored Triple Crown Classic title the following year. Although the world of horse racing is never predictable or easy, Jungle Pocket is determined to take down Tachyon and herald the beginning of a new era.

[Written by MAL Rewrite]",,,,"[{'mal_id': 1587, 'type': 'anime', 'name': 'Cygames', 'url': 'https://myanimelist.net/anime/producer/1587/Cygames'}]",[],"[{'mal_id': 1893, 'type': 'anime', 'name': 'CygamesPictures', 'url': 'https://myanimelist.net/anime/producer/1893/CygamesPictures'}]","[{'mal_id': 30, 'type': 'anime', 'name': 'Sports', 'url': 'https://myanimelist.net/anime/genre/30/Sports'}]",[],"[{'mal_id': 51, 'type': 'anime', 'name': 'Anthropomorphic', 'url': 'https://myanimelist.net/anime/genre/51/Anthropomorphic'}, {'mal_id': 3, 'type': 'anime', 'name': 'Racing', 'url': 'https://myanimelist.net/anime/genre/3/Racing'}]",[],https://myanimelist.net/images/anime/1427/142210.jpg,https://myanimelist.net/images/anime/1427/142210t.jpg,https://myanimelist.net/images/anime/1427/142210l.jpg,https://myanimelist.net/images/anime/1427/142210.webp,https://myanimelist.net/images/anime/1427/142210t.webp,https://myanimelist.net/images/anime/1427/142210l.webp,,,https://www.youtube-nocookie.com/embed/Mbq51ikrOg0?enablejsapi=1&wmode=opaque&autoplay=1,,,,,,2024-05-24T00:00:00+00:00,,24,5,2024,,,,"May 24, 2024",,,,
457,https://myanimelist.net/anime/457/Mushishi,True,"[{'type': 'Default', 'title': 'Mushishi'}, {'type': 'Japanese', 'title': '蟲師'}, {'type': 'English', 'title': 'Mushi-Shi'}, {'type': 'German', 'title': 'Mushi-Shi'}, {'type': 'Spanish', 'title': 'Mushi-Shi'}, {'type': 'French', 'title': 'Mushi-Shi'}]",Mushishi,Mushi-Shi,蟲師,[],TV,Manga,26.0,Finished Airing,False,23 min per ep,PG-13 - Teens 13 or older,8.65,298307,85.0,226,906308,28368,"""Mushi"": the most basic forms of life in the world. They exist without any goals or purposes aside from simply ""being."" They are beyond the shackles of the words ""good"" and ""evil."" Mushi can exist in countless forms and are capable of mimicking things from the natural world such as plants, diseases, and even phenomena like rainbows.

This is, however, just a vague definition of these entities that inhabit the vibrant world of Mushishi, as to even call them a form of life would be an oversimplification. Detailed information on Mushi is scarce because the majority of humans are unaware of their existence.

So what are Mushi and why do they exist? This is the question that a ""Mushishi,"" Ginko, ponders constantly. Mushishi are those who research Mushi in hopes of understanding their place in the world's hierarchy of life.

Ginko chases rumors of occurrences that could be tied to Mushi, all for the sake of finding an answer.

It could, after all, lead to the meaning of life itself.

[Written by MAL Rewrite]","Mushishi is an adaptation of Yuki Urushibara's award-winning manga of the same name. The series adapts the first 26 chapters of the manga, adapting one per episode. The anime aired these stories in a different order than that of the manga. The series won the Tokyo Anime Award in the Television category in 2006. The series premiered on October 23, 2005, but went on hiatus on March 12, 2006 after having aired 20 episodes. Broadcast resumed on May 15, and aired the remaining 6 episodes, concluding on June 19, 2006.",fall,2005.0,"[{'mal_id': 52, 'type': 'anime', 'name': 'Avex Entertainment', 'url': 'https://myanimelist.net/anime/producer/52/Avex_Entertainment'}, {'mal_id': 82, 'type': 'anime', 'name': 'Marvelous Entertainment', 'url': 'https://myanimelist.net/anime/producer/82/Marvelous_Entertainment'}, {'mal_id': 147, 'type': 'anime', 'name': 'SKY Perfect Well Think', 'url': 'https://myanimelist.net/anime/producer/147/SKY_Perfect_Well_Think'}, {'mal_id': 711, 'type': 'anime', 'name': 'Delfi Sound', 'url': 'https://myanimelist.net/anime/producer/711/Delfi_Sound'}]","[{'mal_id': 102, 'type': 'anime', 'name': 'Funimation', 'url': 'https://myanimelist.net/anime/producer/102/Funimation'}]","[{'mal_id': 8, 'type': 'anime', 'name': 'Artland', 'url': 'https://myanimelist.net/anime/producer/8/Artland'}]","[{'mal_id': 2, 'type': 'anime', 'name': 'Adventure', 'url': 'https://myanimelist.net/anime/genre/2/Adventure'}, {'mal_id': 7, 'type': 'anime', 'name': 'Mystery', 'url': 'https://myanimelist.net/anime/genre/7/Mystery'}, {'mal_id': 36, 'type': 'anime', 'name': 'Slice of Life', 'url': 'https://myanimelist.net/anime/genre/36/Slice_of_Life'}, {'mal_id': 37, 'type': 'anime', 'name': 'Supernatural', 'url': 'https://myanimelist.net/anime/genre/37/Supernatural'}]",[],"[{'mal_id': 50, 'type': 'anime', 'name': 'Adult Cast', 'url': 'https://myanimelist.net/anime/genre/50/Adult_Cast'}, {'mal_id': 13, 'type': 'anime', 'name': 'Historical', 'url': 'https://myanimelist.net/anime/genre/13/Historical'}, {'mal_id': 63, 'type': 'anime', 'name': 'Iyashikei', 'url': 'https://myanimelist.net/anime/genre/63/Iyashikei'}]","[{'mal_id': 42, 'type': 'anime', 'name': 'Seinen', 'url': 'https://myanimelist.net/anime/genre/42/Seinen'}]",https://myanimelist.net/images/anime/2/73862.jpg,https://myanimelist.net/images/anime/2/73862t.jpg,https://myanimelist.net/images/anime/2/73862l.jpg,https://myanimelist.net/images/anime/2/73862.webp,https://myanimelist.net/images/anime/2/73862t.webp,https://myanimelist.net/images/anime/2/73862l.webp,,,https://www.youtube-nocookie.com/embed/h371H0KIuPo?enablejsapi=1&wmode=opaque&autoplay=1,,,,,,2005-10-23T00:00:00+00:00,2006-06-19T00:00:00+00:00,23,10,2005,19.0,6.0,2006.0,"Oct 23, 2005 to Jun 19, 2006",Sundays,03:40,Asia/Tokyo,Sundays at 03:40 (JST)
61952,https://myanimelist.net/anime/61952/Luo_Xiaohei_Zhanji_2,True,"[{'type': 'Default', 'title': 'Luo Xiaohei Zhanji 2'}, {'type': 'Synonym', 'title': 'The Legend of Hei II'}, {'type': 'Synonym', 'title': 'Luo Xiao Hei Zhan Ji 2'}, {'type': 'Synonym', 'title': '羅小黒戦記２ ぼくらが望む未来'}, {'type': 'Japanese', 'title': '罗小黑战记2'}, {'type': 'English', 'title': 'The Legend of Hei 2'}]",Luo Xiaohei Zhanji 2,The Legend of Hei 2,罗小黑战记2,"['The Legend of Hei II', 'Luo Xiao Hei Zhan Ji 2', '羅小黒戦記２ ぼくらが望む未来']",Movie,Original,1.0,Finished Airing,False,1 hr 58 min,G - All Ages,8.64,2658,88.0,7076,10731,81,"When an attack shatters the fragile peace between the spirit world and humanity, Hei teams up with Luye, the last disciple of his Shifu Wuxian, to expose a conspiracy that threatens both realms—and the bond they've sworn to protect.

(Source: AMC Theatres)",,,,[],"[{'mal_id': 783, 'type': 'anime', 'name': 'GKIDS', 'url': 'https://myanimelist.net/anime/producer/783/GKIDS'}]","[{'mal_id': 2513, 'type': 'anime', 'name': 'HMCH', 'url': 'https://myanimelist.net/anime/producer/2513/HMCH'}]","[{'mal_id': 2, 'type': 'anime', 'name': 'Adventure', 'url': 'https://myanimelist.net/anime/genre/2/Adventure'}, {'mal_id': 8, 'type': 'anime', 'name': 'Drama', 'url': 'https://myanimelist.net/anime/genre/8/Drama'}, {'mal_id': 10, 'type': 'anime', 'name': 'Fantasy', 'url': 'https://myanimelist.net/anime/genre/10/Fantasy'}]",[],[],[],https://myanimelist.net/images/anime/1288/151853.jpg,https://myanimelist.net/images/anime/1288/151853t.jpg,https://myanimelist.net/images/anime/1288/151853l.jpg,https://myanimelist.net/images/anime/1288/151853.webp,https://myanimelist.net/images/anime/1288/151853t.webp,https://myanimelist.net/images/anime/1288/151853l.webp,,,https://www.youtube-nocookie.com/embed/9myucrfP7mo?enablejsapi=1&wmode=opaque&autoplay=1,,,,,,2025-07-18T00:00:00+00:00,,18,7,2025,,,,"Jul 18, 2025",,,,
57658,https://myanimelist.net/anime/57658/Jujutsu_Kaisen__Shimetsu_Kaiyuu_-_Zenpen,True,"[{'type': 'Default', 'title': 'Jujutsu Kaisen: Shimetsu Kaiyuu - Zenpen'}, {'type': 'Synonym', 'title': 'Jujutsu Kaisen 3rd Season'}, {'type': 'Japanese', 'title': '呪術廻戦 「死滅回游 前編」'}, {'type': 'English', 'title': 'Jujutsu Kaisen: The Culling Game Part 1'}]",Jujutsu Kaisen: Shimetsu Kaiyuu - Zenpen,Jujutsu Kaisen: The Culling Game Part 1,呪術廻戦 「死滅回游 前編」,['Jujutsu Kaisen 3rd Season'],TV,Manga,12.0,Finished Airing,False,23 min per ep,PG-13 - Teens 13 or older,8.64,222208,87.0,536,486265,3687,"Kenjaku, the one known as Noritoshi Kamo and most recently as Suguru Getou, has initiated the next step in his destructive, thousand-year plan of ordinary humans' evolution and eventual eradication. The jujutsu world higher-ups reinstate 15-year-old Yuuji Itadori's execution, as Satoru Gojou is incapacitated as a result of Kenjaku's master plan in Shibuya. While Yuuji is unaware of this, he patrols the abandoned Tokyo streets with Chousou, exterminating any and all cursed spirits in his way.

Meanwhile, the bigoted and arrogant Naoya Zenin's pride takes a hit when Megumi Fushiguro is selected as the Zenin Clan's next head. To draw out Megumi and eliminate him, he goes after Yuuji—but Yuuta Okkotsu is set on being Yuuji's executioner. Kenjaku's ""Culling Game""—a rigorous battle royale spanning throughout Japan and forcing the jujutsu competitors to kill each other—is set in motion, and the young jujutsu sorcerers join the fray to settle old scores, free Gojou, and liberate the jujutsu world from the threat that is Kenjaku.

[Written by MAL Rewrite]",,winter,2026.0,"[{'mal_id': 143, 'type': 'anime', 'name': 'Mainichi Broadcasting System', 'url': 'https://myanimelist.net/anime/producer/143/Mainichi_Broadcasting_System'}, {'mal_id': 1143, 'type': 'anime', 'name': 'TOHO animation', 'url': 'https://myanimelist.net/anime/producer/1143/TOHO_animation'}, {'mal_id': 1365, 'type': 'anime', 'name': 'Shueisha', 'url': 'https://myanimelist.net/anime/producer/1365/Shueisha'}, {'mal_id': 1856, 'type': 'anime', 'name': 'dugout', 'url': 'https://myanimelist.net/anime/producer/1856/dugout'}, {'mal_id': 2229, 'type': 'anime', 'name': 'Toho Music', 'url': 'https://myanimelist.net/anime/producer/2229/Toho_Music'}, {'mal_id': 2260, 'type': 'anime', 'name': 'Sumzap', 'url': 'https://myanimelist.net/anime/producer/2260/Sumzap'}]",[],"[{'mal_id': 569, 'type': 'anime', 'name': 'MAPPA', 'url': 'https://myanimelist.net/anime/producer/569/MAPPA'}]","[{'mal_id': 1, 'type': 'anime', 'name': 'Action', 'url': 'https://myanimelist.net/anime/genre/1/Action'}, {'mal_id': 37, 'type': 'anime', 'name': 'Supernatural', 'url': 'https://myanimelist.net/anime/genre/37/Supernatural'}]",[],[],"[{'mal_id': 27, 'type': 'anime', 'name': 'Shounen', 'url': 'https://myanimelist.net/anime/genre/27/Shounen'}]",https://myanimelist.net/images/anime/1659/154920.jpg,https://myanimelist.net/images/anime/1659/154920t.jpg,https://myanimelist.net/images/anime/1659/154920l.jpg,https://myanimelist.net/images/anime/1659/154920.webp,https://myanimelist.net/images/anime/1659/154920t.webp,https://myanimelist.net/images/anime/1659/154920l.webp,,,https://www.youtube-nocookie.com/embed/ruX3rIj3--w?enablejsapi=1&wmode=opaque&autoplay=1,,,,,,2026-01-09T00:00:00+00:00,2026-03-27T00:00:00+00:00,9,1,2026,27.0,3.0,2026.0,"Jan 9, 2026 to Mar 27, 2026",Fridays,00:26,Asia/Tokyo,Fridays at 00:26 (JST)
11665,https://myanimelist.net/anime/11665/Natsume_Yuujinchou_Shi,True,"[{'type': 'Default', 'title': 'Natsume Yuujinchou Shi'}, {'type': 'Synonym', 'title': 'Natsume Yuujinchou Four'}, {'type': 'Synonym', 'title': 'Natsume Yuujinchou 4'}, {'type': 'Synonym', 'title': 'Natsume Yujincho 4'}, {'type': 'Japanese', 'title': '夏目友人帳 肆'}, {'type': 'English', 'title': ""Natsume's Book of Friends Season 4""}, {'type': 'German', 'title': 'Natsume Yujin-cho Staffel 4'}, {'type': 'Spanish', 'title': 'Natsume Yujin-cho Temporada 4'}, {'type': 'French', 'title': 'Natsume Yujin-cho Saison 4'}]",Natsume Yuujinchou Shi,Natsume's Book of Friends Season 4,夏目友人帳 肆,"['Natsume Yuujinchou Four', 'Natsume Yuujinchou 4', 'Natsume Yujincho 4']",TV,Manga,13.0,Finished Airing,False,24 min per ep,PG-13 - Teens 13 or older,8.64,117873,94.0,1060,266361,2119,"Takashi Natsume, the timid youkai expert and master of the Book of Friends, continues his journey towards self-understanding and acceptance with the help of friends both new and old. His most important ally is still his gluttonous and sake-loving bodyguard, the arrogant but fiercely protective wolf spirit Madara—or Nyanko-sensei, as Madara is called when in his usual disguise of an unassuming, pudgy cat.

Natsume, while briefly separated from Nyanko-sensei, is ambushed and kidnapped by a strange group of masked, monkey-like youkai, who have spirited him away to their forest as they desperately search for the Book of Friends. Realizing that his ""servant"" has been taken out from right under his nose, Nyanko-sensei enlists the help of Natsume's youkai friends and mounts a rescue operation. However, the forest of the monkey spirits holds many dangerous enemies, including the Matoba Clan, Natsume's old nemesis.

Stretching from the formidable hideout of the Matoba to Natsume's own childhood home, Natsume Yuujinchou Shi is a sweeping but familiar return to a world of danger and friendship, where Natsume will finally confront the demons of his own past.

[Written by MAL Rewrite]",,winter,2012.0,"[{'mal_id': 16, 'type': 'anime', 'name': 'TV Tokyo', 'url': 'https://myanimelist.net/anime/producer/16/TV_Tokyo'}, {'mal_id': 17, 'type': 'anime', 'name': 'Aniplex', 'url': 'https://myanimelist.net/anime/producer/17/Aniplex'}, {'mal_id': 139, 'type': 'anime', 'name': 'Nihon Ad Systems', 'url': 'https://myanimelist.net/anime/producer/139/Nihon_Ad_Systems'}, {'mal_id': 148, 'type': 'anime', 'name': 'Hakusensha', 'url': 'https://myanimelist.net/anime/producer/148/Hakusensha'}, {'mal_id': 757, 'type': 'anime', 'name': 'Sony Music Entertainment', 'url': 'https://myanimelist.net/anime/producer/757/Sony_Music_Entertainment'}]","[{'mal_id': 372, 'type': 'anime', 'name': 'NIS America', 'url': 'https://myanimelist.net/anime/producer/372/NIS_America'}]","[{'mal_id': 112, 'type': 'anime', 'name': ""Brain's Base"", 'url': 'https://myanimelist.net/anime/producer/112/Brains_Base'}]","[{'mal_id': 36, 'type': 'anime', 'name': 'Slice of Life', 'url': 'https://myanimelist.net/anime/genre/36/Slice_of_Life'}, {'mal_id': 37, 'type': 'anime', 'name': 'Supernatural', 'url': 'https://myanimelist.net/anime/genre/37/Supernatural'}]",[],"[{'mal_id': 63, 'type': 'anime', 'name': 'Iyashikei', 'url': 'https://myanimelist.net/anime/genre/63/Iyashikei'}, {'mal_id': 6, 'type': 'anime', 'name': 'Mythology', 'url': 'https://myanimelist.net/anime/genre/6/Mythology'}]","[{'mal_id': 25, 'type': 'anime', 'name': 'Shoujo', 'url': 'https://myanimelist.net/anime/genre/25/Shoujo'}]",https://myanimelist.net/images/anime/3/37449.jpg,https://myanimelist.net/images/anime/3/37449t.jpg,https://myanimelist.net/images/anime/3/37449l.jpg,https://myanimelist.net/images/anime/3/37449.webp,https://myanimelist.net/images/anime/3/37449t.webp,https://myanimelist.net/images/anime/3/37449l.webp,,,https://www.youtube-nocookie.com/embed/n_Ku789_xVo?enablejsapi=1&wmode=opaque&autoplay=1,,,,,,2012-01-03T00:00:00+00:00,2012-03-27T00:00:00+00:00,3,1,2012,27.0,3.0,2012.0,"Jan 3, 2012 to Mar 27, 2012",Tuesdays,01:30,Asia/Tokyo,Tuesdays at 01:30 (JST)
2001,https://myanimelist.net/anime/2001/Tengen_Toppa_Gurren_Lagann,True,"[{'type': 'Default', 'title': 'Tengen Toppa Gurren Lagann'}, {'type': 'Synonym', 'title': 'Tengen Toppa Gurren-Lagann'}, {'type': 'Synonym', 'title': 'Making Break-Through Gurren Lagann'}, {'type': 'Synonym', 'title': 'Heavenly Breakthrough Gurren Lagann'}, {'type': 'Synonym', 'title': 'TTGL'}, {'type': 'Synonym', 'title': 'Gurren Laggan'}, {'type': 'Japanese', 'title': '天元突破グレンラガン'}, {'type': 'English', 'title': 'Gurren Lagann'}, {'type': 'German', 'title': 'Gurren Lagann'}, {'type': 'Spanish', 'title': 'Gurren Lagann'}, {'type': 'French', 'title': 'Gurren Lagann'}]",Tengen Toppa Gurren Lagann,Gurren Lagann,天元突破グレンラガン,"['Tengen Toppa Gurren-Lagann', 'Making Break-Through Gurren Lagann', 'Heavenly Breakthrough Gurren Lagann', 'TTGL', 'Gurren Laggan']",TV,Original,27.0,Finished Airing,False,24 min per ep,PG-13 - Teens 13 or older,8.64,977063,92.0,66,1766579,85056,"Simon and Kamina were born and raised in a deep, underground village, hidden from the fabled surface. Kamina is a free-spirited loose cannon bent on making a name for himself, while Simon is a timid young boy with no real aspirations. One day while excavating the earth, Simon stumbles upon a mysterious object that turns out to be the ignition key to an ancient artifact of war, which the duo dubs Lagann. Using their new weapon, Simon and Kamina fend off a surprise attack from the surface with the help of Yoko Littner, a hot-blooded redhead wielding a massive gun who wanders the world above.

In the aftermath of the battle, the sky is now in plain view, prompting Simon and Kamina to set off on a journey alongside Yoko to explore the wastelands of the surface. Soon, they join the fight against the ""Beastmen,"" humanoid creatures that terrorize the remnants of humanity in powerful robots called ""Gunmen."" Although they face some challenges and setbacks, the trio bravely fights these new enemies alongside other survivors to reclaim the surface, while slowly unraveling a galaxy-sized mystery.

[Written by MAL Rewrite]","Gurren Lagann received widespread critical acclaim since its release. The series received an Excellence Prize at the 2007 Japan Media Arts Festival. Its director Hiroyuki Imaishi received an individual award for ""Personal Best"" at the 12th Animation Kobe Festival that same year for his work on the series. In 2008, during the 7th annual Tokyo Anime Awards held at the Tokyo International Anime Fair, Gurren Lagann won the ""Best Television Production"" award. In addition, the ""Best Character Design"" award was given to the character designer Atsushi Nishigori for his work on the anime.",spring,2007.0,"[{'mal_id': 16, 'type': 'anime', 'name': 'TV Tokyo', 'url': 'https://myanimelist.net/anime/producer/16/TV_Tokyo'}, {'mal_id': 17, 'type': 'anime', 'name': 'Aniplex', 'url': 'https://myanimelist.net/anime/producer/17/Aniplex'}, {'mal_id': 53, 'type': 'anime', 'name': 'Dentsu', 'url': 'https://myanimelist.net/anime/producer/53/Dentsu'}, {'mal_id': 85, 'type': 'anime', 'name': 'Konami', 'url': 'https://myanimelist.net/anime/producer/85/Konami'}, {'mal_id': 213, 'type': 'anime', 'name': 'Half H.P Studio', 'url': 'https://myanimelist.net/anime/producer/213/Half_HP_Studio'}, {'mal_id': 230, 'type': 'anime', 'name': 'Bandai', 'url': 'https://myanimelist.net/anime/producer/230/Bandai'}]","[{'mal_id': 97, 'type': 'anime', 'name': 'ADV Films', 'url': 'https://myanimelist.net/anime/producer/97/ADV_Films'}, {'mal_id': 233, 'type': 'anime', 'name': 'Bandai Entertainment', 'url': 'https://myanimelist.net/anime/producer/233/Bandai_Entertainment'}, {'mal_id': 493, 'type': 'anime', 'name': 'Aniplex of America', 'url': 'https://myanimelist.net/anime/producer/493/Aniplex_of_America'}]","[{'mal_id': 6, 'type': 'anime', 'name': 'Gainax', 'url': 'https://myanimelist.net/anime/producer/6/Gainax'}]","[{'mal_id': 2, 'type': 'anime', 'name': 'Adventure', 'url': 'https://myanimelist.net/anime/genre/2/Adventure'}, {'mal_id': 46, 'type': 'anime', 'name': 'Award Winning', 'url': 'https://myanimelist.net/anime/genre/46/Award_Winning'}, {'mal_id': 24, 'type': 'anime', 'name': 'Sci-Fi', 'url': 'https://myanimelist.net/anime/genre/24/Sci-Fi'}]",[],"[{'mal_id': 18, 'type': 'anime', 'name': 'Mecha', 'url': 'https://myanimelist.net/anime/genre/18/Mecha'}]",[],https://myanimelist.net/images/anime/4/5123.jpg,https://myanimelist.net/images/anime/4/5123t.jpg,https://myanimelist.net/images/anime/4/5123l.jpg,https://myanimelist.net/images/anime/4/5123.webp,https://myanimelist.net/images/anime/4/5123t.webp,https://myanimelist.net/images/anime/4/5123l.webp,,,https://www.youtube-nocookie.com/embed/rAQylCHv8Cw?enablejsapi=1&wmode=opaque&autoplay=1,,,,,,2007-04-01T00:00:00+00:00,2007-09-30T00:00:00+00:00,1,4,2007,30.0,9.0,2007.0,"Apr 1, 2007 to Sep 30, 2007",Sundays,08:30,Asia/Tokyo,Sundays at 08:30 (JST)
23273,https://myanimelist.net/anime/23273/Shigatsu_wa_Kimi_no_Uso,True,"[{'type': 'Default', 'title': 'Shigatsu wa Kimi no Uso'}, {'type': 'Synonym', 'title': 'Kimiuso'}, {'type': 'Japanese', 'title': '四月は君の嘘'}, {'type': 'English', 'title': 'Your Lie in April'}, {'type': 'German', 'title': 'Shigatsu Wa Kimi No Uso - Sekunden in Moll'}, {'type': 'Spanish', 'title': 'Your Lie in April'}, {'type': 'French', 'title': 'Your Lie in April'}]",Shigatsu wa Kimi no Uso,Your Lie in April,四月は君の嘘,['Kimiuso'],TV,Manga,22.0,Finished Airing,False,22 min per ep,PG-13 - Teens 13 or older,8.64,1471815,90.0,24,2424025,90277,"Kousei Arima is a child prodigy known as the ""Human Metronome"" for playing the piano with precision and perfection. Guided by a strict mother and rigorous training, Kousei dominates every competition he enters, earning the admiration of his musical peers and praise from audiences. When his mother suddenly passes away, the subsequent trauma makes him unable to hear the sound of a piano, and he never takes the stage thereafter.

Nowadays, Kousei lives a quiet and unassuming life as a junior high school student alongside his friends Tsubaki Sawabe and Ryouta Watari. While struggling to get over his mother's death, he continues to cling to music. His monochrome life turns upside down the day he encounters the eccentric violinist Kaori Miyazono, who thrusts him back into the spotlight as her accompanist. Through a little lie, these two young musicians grow closer together as Kaori tries to fill Kousei's world with color.

[Written by MAL Rewrite]",Winner in the anime division of the 2016 Sugoi Japan® Awards.,fall,2014.0,"[{'mal_id': 17, 'type': 'anime', 'name': 'Aniplex', 'url': 'https://myanimelist.net/anime/producer/17/Aniplex'}, {'mal_id': 53, 'type': 'anime', 'name': 'Dentsu', 'url': 'https://myanimelist.net/anime/producer/53/Dentsu'}, {'mal_id': 159, 'type': 'anime', 'name': 'Kodansha', 'url': 'https://myanimelist.net/anime/producer/159/Kodansha'}, {'mal_id': 169, 'type': 'anime', 'name': 'Fuji TV', 'url': 'https://myanimelist.net/anime/producer/169/Fuji_TV'}, {'mal_id': 1309, 'type': 'anime', 'name': 'Lawson HMV Entertainment', 'url': 'https://myanimelist.net/anime/producer/1309/Lawson_HMV_Entertainment'}, {'mal_id': 1411, 'type': 'anime', 'name': 'Kyoraku Industrial Holdings', 'url': 'https://myanimelist.net/anime/producer/1411/Kyoraku_Industrial_Holdings'}, {'mal_id': 1412, 'type': 'anime', 'name': 'Kansai TV', 'url': 'https://myanimelist.net/anime/producer/1412/Kansai_TV'}]","[{'mal_id': 493, 'type': 'anime', 'name': 'Aniplex of America', 'url': 'https://myanimelist.net/anime/producer/493/Aniplex_of_America'}]","[{'mal_id': 56, 'type': 'anime', 'name': 'A-1 Pictures', 'url': 'https://myanimelist.net/anime/producer/56/A-1_Pictures'}]","[{'mal_id': 8, 'type': 'anime', 'name': 'Drama', 'url': 'https://myanimelist.net/anime/genre/8/Drama'}, {'mal_id': 22, 'type': 'anime', 'name': 'Romance', 'url': 'https://myanimelist.net/anime/genre/22/Romance'}]",[],"[{'mal_id': 64, 'type': 'anime', 'name': 'Love Polygon', 'url': 'https://myanimelist.net/anime/genre/64/Love_Polygon'}, {'mal_id': 19, 'type': 'anime', 'name': 'Music', 'url': 'https://myanimelist.net/anime/genre/19/Music'}, {'mal_id': 70, 'type': 'anime', 'name': 'Performing Arts', 'url': 'https://myanimelist.net/anime/genre/70/Performing_Arts'}, {'mal_id': 23, 'type': 'anime', 'name': 'School', 'url': 'https://myanimelist.net/anime/genre/23/School'}]","[{'mal_id': 27, 'type': 'anime', 'name': 'Shounen', 'url': 'https://myanimelist.net/anime/genre/27/Shounen'}]",https://myanimelist.net/images/anime/1405/143284.jpg,https://myanimelist.net/images/anime/1405/143284t.jpg,https://myanimelist.net/images/anime/1405/143284l.jpg,https://myanimelist.net/images/anime/1405/143284.webp,https://myanimelist.net/images/anime/1405/143284t.webp,https://myanimelist.net/images/anime/1405/143284l.webp,,,https://www.youtube-nocookie.com/embed/aMJpI_fEsA4?enablejsapi=1&wmode=opaque&autoplay=1,,,,,,2014-10-10T00:00:00+00:00,2015-03-20T00:00:00+00:00,10,10,2014,20.0,3.0,2015.0,"Oct 10, 2014 to Mar 20, 2015",Fridays,01:20,Asia/Tokyo,Fridays at 01:20 (JST)
50399,https://myanimelist.net/anime/50399/Tian_Guan_Cifu_Er,True,"[{'type': 'Default', 'title': 'Tian Guan Cifu Er'}, {'type': 'Synonym', 'title': 'Tian Guan Cifu 2nd Season'}, {'type': 'Synonym', 'title': '天官赐福 第二季'}, {'type': 'Synonym', 'title': 'Tian Guan Ci Fu'}, {'type': 'Synonym', 'title': 'TGCF'}, {'type': 'Japanese', 'title': '天官賜福 貳'}, {'type': 'English', 'title': ""Heaven Official's Blessing Season 2""}]",Tian Guan Cifu Er,Heaven Official's Blessing Season 2,天官賜福 貳,"['Tian Guan Cifu 2nd Season', '天官赐福 第二季', 'Tian Guan Ci Fu', 'TGCF']",ONA,Web novel,12.0,Finished Airing,False,24 min per ep,PG-13 - Teens 13 or older,8.64,25216,93.0,3119,64852,1305,"Although most gods in the heavenly realm avoid dealing with the forgotten god Xie Lian, Heavenly Emperor Jun Wu holds him in good graces. Xie Lian's luck is otherwise terrible, and adding to his troubles, the gods seem to suspect that Xie Lian's recent companion was the dreaded Ghost King Hua Cheng. Despite what others may think of him, Xie Lian fondly recalls Hua Cheng's promise: the next time they meet, Hua Cheng will appear in his true form.

Jun Wu informs Xie Lian of the unsettling news that a god's distress signal was seen coming from the Ghost City—the most prosperous place in the ghost realm, where the only law is Hua Cheng himself. As Xie Lian has no qualms about stepping into Hua Cheng's territory, he infiltrates the city to locate the lost god. There, the genuine Hua Cheng is already waiting. He is the most feared being across the three realms, yet before Xie Lian, his arrogance erodes. Without revealing the reason for his generosity, he spares no power or means to ease the burdens of Xie Lian's endlessly unfortunate past.

[Written by MAL Rewrite]","Adaptation based on a Chinese web novel of the same name, written by Mo Xiang Tong Xiu (墨香铜臭). The show falls into the xianxia genre (a fantasy genre influence by Taoism, Buddhism, and Chinese mythology).",,,"[{'mal_id': 1414, 'type': 'anime', 'name': 'bilibili', 'url': 'https://myanimelist.net/anime/producer/1414/bilibili'}]",[],"[{'mal_id': 2126, 'type': 'anime', 'name': 'Red Dog Culture House', 'url': 'https://myanimelist.net/anime/producer/2126/Red_Dog_Culture_House'}]","[{'mal_id': 1, 'type': 'anime', 'name': 'Action', 'url': 'https://myanimelist.net/anime/genre/1/Action'}, {'mal_id': 2, 'type': 'anime', 'name': 'Adventure', 'url': 'https://myanimelist.net/anime/genre/2/Adventure'}, {'mal_id': 8, 'type': 'anime', 'name': 'Drama', 'url': 'https://myanimelist.net/anime/genre/8/Drama'}, {'mal_id': 10, 'type': 'anime', 'name': 'Fantasy', 'url': 'https://myanimelist.net/anime/genre/10/Fantasy'}]",[],"[{'mal_id': 13, 'type': 'anime', 'name': 'Historical', 'url': 'https://myanimelist.net/anime/genre/13/Historical'}, {'mal_id': 6, 'type': 'anime', 'name': 'Mythology', 'url': 'https://myanimelist.net/anime/genre/6/Mythology'}]",[],https://myanimelist.net/images/anime/1203/139210.jpg,https://myanimelist.net/images/anime/1203/139210t.jpg,https://myanimelist.net/images/anime/1203/139210l.jpg,https://myanimelist.net/images/anime/1203/139210.webp,https://myanimelist.net/images/anime/1203/139210t.webp,https://myanimelist.net/images/anime/1203/139210l.webp,,,https://www.youtube-nocookie.com/embed/gZRZaElR0So?enablejsapi=1&wmode=opaque&autoplay=1,,,,,,2023-10-18T00:00:00+00:00,2024-01-17T00:00:00+00:00,18,10,2023,17.0,1.0,2024.0,"Oct 18, 2023 to Jan 17, 2024",,,,
35760,https://myanimelist.net/anime/35760/Shingeki_no_Kyojin_Season_3,True,"[{'type': 'Default', 'title': 'Shingeki no Kyojin Season 3'}, {'type': 'Japanese', 'title': '進撃の巨人 Season3'}, {'type': 'English', 'title': 'Attack on Titan Season 3'}, {'type': 'German', 'title': 'Attack on Titan 3. Staffel'}, {'type': 'Spanish', 'title': 'Ataque a los Titanes Temporada 3'}, {'type': 'French', 'title': ""L'Attaque des Titans Saison 3""}]",Shingeki no Kyojin Season 3,Attack on Titan Season 3,進撃の巨人 Season3,[],TV,Manga,12.0,Finished Airing,False,23 min per ep,R - 17+ (violence & profanity),8.64,1810119,91.0,18,2663386,22434,"Still threatened by the ""Titans"" that rob them of their freedom, mankind remains caged inside the two remaining walls. Efforts to eradicate these monsters continue; however, threats arise not only from the Titans beyond the walls, but from the humans within them as well.

After being rescued from the Colossal and Armored Titans, Eren Yaeger devotes himself to improving his Titan form. Krista Lenz struggles to accept the loss of her friend, Captain Levi chooses Eren and his friends to form his new personal squad, and Commander Erwin Smith recovers from his injuries. All seems well for the soldiers, until the government suddenly demands custody of Eren and Krista. The Survey Corps' recent successes have drawn attention, and a familiar face from Levi's past is sent to collect the wanted soldiers. Sought after by the government, Levi and his new squad must evade their adversaries in hopes of keeping Eren and Krista safe.

Eren and his fellow soldiers are not only fighting for their survival against the terrifying Titans, but also against the terror of a far more conniving foe: their fellow humans.

[Written by MAL Rewrite]",Shingeki no Kyojin Season 3 adapts content from manga volumes 13-17.,summer,2018.0,"[{'mal_id': 10, 'type': 'anime', 'name': 'Production I.G', 'url': 'https://myanimelist.net/anime/producer/10/Production_IG'}, {'mal_id': 53, 'type': 'anime', 'name': 'Dentsu', 'url': 'https://myanimelist.net/anime/producer/53/Dentsu'}, {'mal_id': 143, 'type': 'anime', 'name': 'Mainichi Broadcasting System', 'url': 'https://myanimelist.net/anime/producer/143/Mainichi_Broadcasting_System'}, {'mal_id': 144, 'type': 'anime', 'name': 'Pony Canyon', 'url': 'https://myanimelist.net/anime/producer/144/Pony_Canyon'}, {'mal_id': 159, 'type': 'anime', 'name': 'Kodansha', 'url': 'https://myanimelist.net/anime/producer/159/Kodansha'}, {'mal_id': 1499, 'type': 'anime', 'name': 'Techno Sound', 'url': 'https://myanimelist.net/anime/producer/1499/Techno_Sound'}, {'mal_id': 1557, 'type': 'anime', 'name': 'Pony Canyon Enterprises', 'url': 'https://myanimelist.net/anime/producer/1557/Pony_Canyon_Enterprises'}]","[{'mal_id': 102, 'type': 'anime', 'name': 'Funimation', 'url': 'https://myanimelist.net/anime/producer/102/Funimation'}]","[{'mal_id': 858, 'type': 'anime', 'name': 'Wit Studio', 'url': 'https://myanimelist.net/anime/producer/858/Wit_Studio'}]","[{'mal_id': 1, 'type': 'anime', 'name': 'Action', 'url': 'https://myanimelist.net/anime/genre/1/Action'}, {'mal_id': 8, 'type': 'anime', 'name': 'Drama', 'url': 'https://myanimelist.net/anime/genre/8/Drama'}, {'mal_id': 41, 'type': 'anime', 'name': 'Suspense', 'url': 'https://myanimelist.net/anime/genre/41/Suspense'}]",[],"[{'mal_id': 58, 'type': 'anime', 'name': 'Gore', 'url': 'https://myanimelist.net/anime/genre/58/Gore'}, {'mal_id': 38, 'type': 'anime', 'name': 'Military', 'url': 'https://myanimelist.net/anime/genre/38/Military'}, {'mal_id': 76, 'type': 'anime', 'name': 'Survival', 'url': 'https://myanimelist.net/anime/genre/76/Survival'}]","[{'mal_id': 27, 'type': 'anime', 'name': 'Shounen', 'url': 'https://myanimelist.net/anime/genre/27/Shounen'}]",https://myanimelist.net/images/anime/1173/92110.jpg,https://myanimelist.net/images/anime/1173/92110t.jpg,https://myanimelist.net/images/anime/1173/92110l.jpg,https://myanimelist.net/images/anime/1173/92110.webp,https://myanimelist.net/images/anime/1173/92110t.webp,https://myanimelist.net/images/anime/1173/92110l.webp,,,https://www.youtube-nocookie.com/embed/EHzBhrncmac?enablejsapi=1&wmode=opaque&autoplay=1,,,,,,2018-07-23T00:00:00+00:00,2018-10-15T00:00:00+00:00,23,7,2018,15.0,10.0,2018.0,"Jul 23, 2018 to Oct 15, 2018",Mondays,00:35,Asia/Tokyo,Mondays at 00:35 (JST)
33050,https://myanimelist.net/anime/33050/Fate_stay_night_Movie__Heavens_Feel_-_III_Spring_Song,True,"[{'type': 'Default', 'title': ""Fate/stay night Movie: Heaven's Feel - III. Spring Song""}, {'type': 'Synonym', 'title': ""Fate/stay night Movie: Heaven's Feel 3""}, {'type': 'Japanese', 'title': ""劇場版「Fate/stay night [Heaven's Feel] III.spring song」""}, {'type': 'English', 'title': ""Fate/stay night: Heaven's Feel - III. Spring Song""}, {'type': 'French', 'title': ""Fate/stay night: Heaven's Feel - III. Spring Song""}]",Fate/stay night Movie: Heaven's Feel - III. Spring Song,Fate/stay night: Heaven's Feel - III. Spring Song,劇場版「Fate/stay night [Heaven's Feel] III.spring song」,"[""Fate/stay night Movie: Heaven's Feel 3""]",Movie,Visual novel,1.0,Finished Airing,False,2 hr 2 min,R - 17+ (violence & profanity),8.63,223231,93.0,666,408073,8513,"The Fifth Holy Grail War in Fuyuki City has reached a turning point in which the lives of all participants are threatened as the hidden enemy finally reveals itself. As Shirou Emiya, Rin Toosaka, and Illyasviel von Einzbern discover the true, corruptive nature of the shadow that has been rampaging throughout the city, they realize just how dire the situation is. In order to protect their beloved ones, the group must hold their own against the seemingly insurmountable enemy force—even if some of those foes were once their allies, or perhaps, something more intimate.

As the final act of this chaotic war commences, the ideals Shirou believes will soon be challenged by an excruciating dilemma: is it really possible to save a world where everything seems to have gone wrong?

[Written by MAL Rewrite]","Fate/stay night Movie: Heaven's Feel - III. Spring Song was ranked the ninth highest grossing Japanese film of 2020 for the Japanese box office, generating 1.95 billion yen (aprox. $19,252,497 million) during its box office run. The opening weekend grossed 474 million yen, debuting at No. 1 at the Japanese box office.",,,"[{'mal_id': 17, 'type': 'anime', 'name': 'Aniplex', 'url': 'https://myanimelist.net/anime/producer/17/Aniplex'}, {'mal_id': 703, 'type': 'anime', 'name': 'Notes', 'url': 'https://myanimelist.net/anime/producer/703/Notes'}, {'mal_id': 1696, 'type': 'anime', 'name': 'Kadokawa', 'url': 'https://myanimelist.net/anime/producer/1696/Kadokawa'}]","[{'mal_id': 493, 'type': 'anime', 'name': 'Aniplex of America', 'url': 'https://myanimelist.net/anime/producer/493/Aniplex_of_America'}]","[{'mal_id': 43, 'type': 'anime', 'name': 'ufotable', 'url': 'https://myanimelist.net/anime/producer/43/ufotable'}]","[{'mal_id': 1, 'type': 'anime', 'name': 'Action', 'url': 'https://myanimelist.net/anime/genre/1/Action'}, {'mal_id': 10, 'type': 'anime', 'name': 'Fantasy', 'url': 'https://myanimelist.net/anime/genre/10/Fantasy'}]",[],"[{'mal_id': 82, 'type': 'anime', 'name': 'Urban Fantasy', 'url': 'https://myanimelist.net/anime/genre/82/Urban_Fantasy'}]",[],https://myanimelist.net/images/anime/1142/112957.jpg,https://myanimelist.net/images/anime/1142/112957t.jpg,https://myanimelist.net/images/anime/1142/112957l.jpg,https://myanimelist.net/images/anime/1142/112957.webp,https://myanimelist.net/images/anime/1142/112957t.webp,https://myanimelist.net/images/anime/1142/112957l.webp,,,https://www.youtube-nocookie.com/embed/zfjbLLxdZOU?enablejsapi=1&wmode=opaque&autoplay=1,,,,,,2020-08-15T00:00:00+00:00,,15,8,2020,,,,"Aug 15, 2020",,,,
22135,https://myanimelist.net/anime/22135/Ping_Pong_the_Animation,True,"[{'type': 'Default', 'title': 'Ping Pong the Animation'}, {'type': 'Synonym', 'title': 'PPTA'}, {'type': 'Japanese', 'title': 'ピンポン THE ANIMATION'}, {'type': 'English', 'title': 'Ping Pong the Animation'}]",Ping Pong the Animation,Ping Pong the Animation,ピンポン THE ANIMATION,['PPTA'],TV,Manga,11.0,Finished Airing,False,23 min per ep,PG-13 - Teens 13 or older,8.63,204488,96.0,608,439970,17494,"Despite being polar opposites, Makoto ""Smile"" Tsukimoto and Yutaka ""Peco"" Hoshino have been best friends since childhood. Although the overly confident Peco strives to be the best ping-pong player in the world, he often skips practice, earning the ire of his fellow teammates on the Katase High School ping-pong team. Meanwhile, Smile—in spite of his innate talent for the sport—cannot help but hold back his full strength when playing against others. Through their mutual love for ping-pong, the two have developed a bond that is seemingly unbreakable.

When Peco hears that an ex-national team player from China is coming to Japan, he drags Smile over to rival Tsujido High School to observe them. The subsequent trip leads to a clash between Peco and Kong Wenge, who overwhelmingly defeats the former in one game. Stunned by such a comprehensive loss, Peco finds himself questioning why he plays to begin with. Seeing his potential as a player, Katase's coach begins to train Smile to overcome his hesitation, but he is reluctant to play if it is not for enjoyment.

As the two struggle to find meaning in the sport, a plethora of stronger players—each with their own internal strifes—await them at the inter-high tournament, where only the very best can persevere. But when these young athletes let their unbridled ambition go unchecked, the hardships they face paint a somber reality as they pursue glory.

[Written by MAL Rewrite]","Ping Pong The Animation won the Animation of the Year award in the Television category at the Tokyo Anime Award Festival in 2015. The series was released on Blu-ray and DVD by Funimation Entertainment on June 23, 2015.",spring,2014.0,"[{'mal_id': 17, 'type': 'anime', 'name': 'Aniplex', 'url': 'https://myanimelist.net/anime/producer/17/Aniplex'}, {'mal_id': 53, 'type': 'anime', 'name': 'Dentsu', 'url': 'https://myanimelist.net/anime/producer/53/Dentsu'}, {'mal_id': 169, 'type': 'anime', 'name': 'Fuji TV', 'url': 'https://myanimelist.net/anime/producer/169/Fuji_TV'}, {'mal_id': 1411, 'type': 'anime', 'name': 'Kyoraku Industrial Holdings', 'url': 'https://myanimelist.net/anime/producer/1411/Kyoraku_Industrial_Holdings'}]","[{'mal_id': 102, 'type': 'anime', 'name': 'Funimation', 'url': 'https://myanimelist.net/anime/producer/102/Funimation'}]","[{'mal_id': 103, 'type': 'anime', 'name': 'Tatsunoko Production', 'url': 'https://myanimelist.net/anime/producer/103/Tatsunoko_Production'}]","[{'mal_id': 46, 'type': 'anime', 'name': 'Award Winning', 'url': 'https://myanimelist.net/anime/genre/46/Award_Winning'}, {'mal_id': 8, 'type': 'anime', 'name': 'Drama', 'url': 'https://myanimelist.net/anime/genre/8/Drama'}, {'mal_id': 30, 'type': 'anime', 'name': 'Sports', 'url': 'https://myanimelist.net/anime/genre/30/Sports'}]",[],[],"[{'mal_id': 42, 'type': 'anime', 'name': 'Seinen', 'url': 'https://myanimelist.net/anime/genre/42/Seinen'}]",https://myanimelist.net/images/anime/1586/146565.jpg,https://myanimelist.net/images/anime/1586/146565t.jpg,https://myanimelist.net/images/anime/1586/146565l.jpg,https://myanimelist.net/images/anime/1586/146565.webp,https://myanimelist.net/images/anime/1586/146565t.webp,https://myanimelist.net/images/anime/1586/146565l.webp,,,https://www.youtube-nocookie.com/embed/ItlDaDfLBn8?enablejsapi=1&wmode=opaque&autoplay=1,,,,,,2014-04-11T00:00:00+00:00,2014-06-20T00:00:00+00:00,11,4,2014,20.0,6.0,2014.0,"Apr 11, 2014 to Jun 20, 2014",Fridays,00:50,Asia/Tokyo,Fridays at 00:50 (JST)
46102,https://myanimelist.net/anime/46102/Odd_Taxi,True,"[{'type': 'Default', 'title': 'Odd Taxi'}, {'type': 'Japanese', 'title': 'オッドタクシー'}, {'type': 'English', 'title': 'Odd Taxi'}]",Odd Taxi,Odd Taxi,オッドタクシー,[],TV,Original,13.0,Finished Airing,False,23 min per ep,PG-13 - Teens 13 or older,8.63,250991,95.0,506,510307,9188,"Eccentric and blunt, the walrus Hiroshi Odokawa lives a relatively normal life. He drives a taxi for a living, and there he meets several unique individuals: the jobless Taichi Kabasawa who is dead-set on going viral, the mysterious nurse Miho Shirakawa, the struggling comedic duo ""Homo Sapiens,"" and Dobu, a well-known delinquent.

But Odokawa's simple way of life is about to be turned upside down. The case of a missing girl the police have been tracking leads back to him, and now both the yakuza and a duo of corrupt cops are on his tail.

[Written by MAL Rewrite]",Winner of the New Face Award at the 25th Japan Media Arts Festival.,spring,2021.0,"[{'mal_id': 16, 'type': 'anime', 'name': 'TV Tokyo', 'url': 'https://myanimelist.net/anime/producer/16/TV_Tokyo'}, {'mal_id': 53, 'type': 'anime', 'name': 'Dentsu', 'url': 'https://myanimelist.net/anime/producer/53/Dentsu'}, {'mal_id': 144, 'type': 'anime', 'name': 'Pony Canyon', 'url': 'https://myanimelist.net/anime/producer/144/Pony_Canyon'}, {'mal_id': 238, 'type': 'anime', 'name': 'AT-X', 'url': 'https://myanimelist.net/anime/producer/238/AT-X'}, {'mal_id': 1468, 'type': 'anime', 'name': 'Crunchyroll', 'url': 'https://myanimelist.net/anime/producer/1468/Crunchyroll'}, {'mal_id': 1557, 'type': 'anime', 'name': 'Pony Canyon Enterprises', 'url': 'https://myanimelist.net/anime/producer/1557/Pony_Canyon_Enterprises'}, {'mal_id': 2177, 'type': 'anime', 'name': 'Mimoid', 'url': 'https://myanimelist.net/anime/producer/2177/Mimoid'}, {'mal_id': 2442, 'type': 'anime', 'name': 'Yoshimoto Kogyo', 'url': 'https://myanimelist.net/anime/producer/2442/Yoshimoto_Kogyo'}]",[],"[{'mal_id': 28, 'type': 'anime', 'name': 'OLM', 'url': 'https://myanimelist.net/anime/producer/28/OLM'}, {'mal_id': 1872, 'type': 'anime', 'name': 'P.I.C.S.', 'url': 'https://myanimelist.net/anime/producer/1872/PICS'}]","[{'mal_id': 46, 'type': 'anime', 'name': 'Award Winning', 'url': 'https://myanimelist.net/anime/genre/46/Award_Winning'}, {'mal_id': 8, 'type': 'anime', 'name': 'Drama', 'url': 'https://myanimelist.net/anime/genre/8/Drama'}, {'mal_id': 7, 'type': 'anime', 'name': 'Mystery', 'url': 'https://myanimelist.net/anime/genre/7/Mystery'}, {'mal_id': 41, 'type': 'anime', 'name': 'Suspense', 'url': 'https://myanimelist.net/anime/genre/41/Suspense'}]",[],"[{'mal_id': 50, 'type': 'anime', 'name': 'Adult Cast', 'url': 'https://myanimelist.net/anime/genre/50/Adult_Cast'}, {'mal_id': 51, 'type': 'anime', 'name': 'Anthropomorphic', 'url': 'https://myanimelist.net/anime/genre/51/Anthropomorphic'}, {'mal_id': 68, 'type': 'anime', 'name': 'Organized Crime', 'url': 'https://myanimelist.net/anime/genre/68/Organized_Crime'}]",[],https://myanimelist.net/images/anime/1981/113348.jpg,https://myanimelist.net/images/anime/1981/113348t.jpg,https://myanimelist.net/images/anime/1981/113348l.jpg,https://myanimelist.net/images/anime/1981/113348.webp,https://myanimelist.net/images/anime/1981/113348t.webp,https://myanimelist.net/images/anime/1981/113348l.webp,,,https://www.youtube-nocookie.com/embed/rS228HesD9g?enablejsapi=1&wmode=opaque&autoplay=1,,,,,,2021-04-06T00:00:00+00:00,2021-06-29T00:00:00+00:00,6,4,2021,29.0,6.0,2021.0,"Apr 6, 2021 to Jun 29, 2021",Tuesdays,02:00,Asia/Tokyo,Tuesdays at 02:00 (JST)
58125,https://myanimelist.net/anime/58125/Look_Back,True,"[{'type': 'Default', 'title': 'Look Back'}, {'type': 'Japanese', 'title': 'ルックバック'}]",Look Back,,ルックバック,[],Movie,Manga,1.0,Finished Airing,False,57 min,PG-13 - Teens 13 or older,8.62,139156,101.0,1169,243504,5023,"Ayumu Fujino may only be in the fourth grade, but she already basks in high praise for her hand-drawn four-panel comics featured in the school's newspaper. However, when she is asked to share the page with Kyoumoto—a reclusive student she has never met—Fujino feels inadequate for the first time: her free-spirited drawings look embarrassingly amateurish next to Kyoumoto's breathtakingly detailed art.

For a year, Fujino shuts out the world, obsessively studying manga creation and drawing tirelessly to catch up to her faceless competition. But Kyoumoto's talent far exceeds hers, and Fujino quits it all. Another year passes, and on the day of their graduation, Fujino finally meets Kyoumoto. This unkempt, shy, and stuttering girl has actually been Fujino's biggest fan all along. Their encounter reignites Fujino's passion for art and sparks the beginning of a years-long friendship built on rivalry, admiration, and their shared love of manga.

[Written by MAL Rewrite]",,,,"[{'mal_id': 577, 'type': 'anime', 'name': 'Tohokushinsha Film Corporation', 'url': 'https://myanimelist.net/anime/producer/577/Tohokushinsha_Film_Corporation'}, {'mal_id': 1284, 'type': 'anime', 'name': 'Avex Pictures', 'url': 'https://myanimelist.net/anime/producer/1284/Avex_Pictures'}, {'mal_id': 1365, 'type': 'anime', 'name': 'Shueisha', 'url': 'https://myanimelist.net/anime/producer/1365/Shueisha'}, {'mal_id': 3021, 'type': 'anime', 'name': 'Amazon MGM Studios', 'url': 'https://myanimelist.net/anime/producer/3021/Amazon_MGM_Studios'}]","[{'mal_id': 783, 'type': 'anime', 'name': 'GKIDS', 'url': 'https://myanimelist.net/anime/producer/783/GKIDS'}]","[{'mal_id': 2196, 'type': 'anime', 'name': 'Studio DURIAN', 'url': 'https://myanimelist.net/anime/producer/2196/Studio_DURIAN'}]","[{'mal_id': 46, 'type': 'anime', 'name': 'Award Winning', 'url': 'https://myanimelist.net/anime/genre/46/Award_Winning'}, {'mal_id': 8, 'type': 'anime', 'name': 'Drama', 'url': 'https://myanimelist.net/anime/genre/8/Drama'}]",[],"[{'mal_id': 69, 'type': 'anime', 'name': 'Otaku Culture', 'url': 'https://myanimelist.net/anime/genre/69/Otaku_Culture'}]","[{'mal_id': 27, 'type': 'anime', 'name': 'Shounen', 'url': 'https://myanimelist.net/anime/genre/27/Shounen'}]",https://myanimelist.net/images/anime/1716/142633.jpg,https://myanimelist.net/images/anime/1716/142633t.jpg,https://myanimelist.net/images/anime/1716/142633l.jpg,https://myanimelist.net/images/anime/1716/142633.webp,https://myanimelist.net/images/anime/1716/142633t.webp,https://myanimelist.net/images/anime/1716/142633l.webp,,,https://www.youtube-nocookie.com/embed/gH6zVJVHEaM?enablejsapi=1&wmode=opaque&autoplay=1,,,,,,2024-06-28T00:00:00+00:00,,28,6,2024,,,,"Jun 28, 2024",,,,
52742,https://myanimelist.net/anime/52742/Haikyuu_Movie__Gomisuteba_no_Kessen,True,"[{'type': 'Default', 'title': 'Haikyuu!! Movie: Gomisuteba no Kessen'}, {'type': 'Synonym', 'title': 'Haikyu!! Final Movie'}, {'type': 'Japanese', 'title': '劇場版ハイキュー!! ゴミ捨て場の決戦'}, {'type': 'English', 'title': 'Haikyu!! Movie: The Dumpster Battle'}]",Haikyuu!! Movie: Gomisuteba no Kessen,Haikyu!! Movie: The Dumpster Battle,劇場版ハイキュー!! ゴミ捨て場の決戦,['Haikyu!! Final Movie'],Movie,Manga,1.0,Finished Airing,False,1 hr 24 min,PG-13 - Teens 13 or older,8.62,108069,99.0,1239,227571,1740,"Kenma Kozume has never considered volleyball fun or thrilling: it is merely something he is good at. But now Nekoma High School's volleyball team has qualified for the Spring Nationals and prepares to battle their long-standing rivals—Karasuno. Now, Kenma has to analyze the most confounding and resilient team and lead Nekoma to victory against them. Moreover, he will play against his friend Shouyou Hinata, Karasuno's short but incredibly proficient middle blocker.

Karasuno has never been able to beat Nekoma in practice matches. Even so, despite his usual indifference, Kenma feels a tinge of excitement at the prospect of facing Karasuno in a high-stakes official game with no do-overs. To advance to the semifinals and ultimately restore their team's former glory, Karasuno must find a way to overcome Kenma's brilliant strategy and defeat Nekoma in their own territory.

[Written by MAL Rewrite]",,,,"[{'mal_id': 53, 'type': 'anime', 'name': 'Dentsu', 'url': 'https://myanimelist.net/anime/producer/53/Dentsu'}, {'mal_id': 143, 'type': 'anime', 'name': 'Mainichi Broadcasting System', 'url': 'https://myanimelist.net/anime/producer/143/Mainichi_Broadcasting_System'}, {'mal_id': 166, 'type': 'anime', 'name': 'Movic', 'url': 'https://myanimelist.net/anime/producer/166/Movic'}, {'mal_id': 757, 'type': 'anime', 'name': 'Sony Music Entertainment', 'url': 'https://myanimelist.net/anime/producer/757/Sony_Music_Entertainment'}, {'mal_id': 1143, 'type': 'anime', 'name': 'TOHO animation', 'url': 'https://myanimelist.net/anime/producer/1143/TOHO_animation'}, {'mal_id': 1365, 'type': 'anime', 'name': 'Shueisha', 'url': 'https://myanimelist.net/anime/producer/1365/Shueisha'}]","[{'mal_id': 1468, 'type': 'anime', 'name': 'Crunchyroll', 'url': 'https://myanimelist.net/anime/producer/1468/Crunchyroll'}]","[{'mal_id': 10, 'type': 'anime', 'name': 'Production I.G', 'url': 'https://myanimelist.net/anime/producer/10/Production_IG'}]","[{'mal_id': 30, 'type': 'anime', 'name': 'Sports', 'url': 'https://myanimelist.net/anime/genre/30/Sports'}]",[],"[{'mal_id': 23, 'type': 'anime', 'name': 'School', 'url': 'https://myanimelist.net/anime/genre/23/School'}, {'mal_id': 77, 'type': 'anime', 'name': 'Team Sports', 'url': 'https://myanimelist.net/anime/genre/77/Team_Sports'}]","[{'mal_id': 27, 'type': 'anime', 'name': 'Shounen', 'url': 'https://myanimelist.net/anime/genre/27/Shounen'}]",https://myanimelist.net/images/anime/1665/140360.jpg,https://myanimelist.net/images/anime/1665/140360t.jpg,https://myanimelist.net/images/anime/1665/140360l.jpg,https://myanimelist.net/images/anime/1665/140360.webp,https://myanimelist.net/images/anime/1665/140360t.webp,https://myanimelist.net/images/anime/1665/140360l.webp,,,https://www.youtube-nocookie.com/embed/MqVA0dl36bc?enablejsapi=1&wmode=opaque&autoplay=1,,,,,,2024-02-16T00:00:00+00:00,,16,2,2024,,,,"Feb 16, 2024",,,,
34599,https://myanimelist.net/anime/34599/Made_in_Abyss,True,"[{'type': 'Default', 'title': 'Made in Abyss'}, {'type': 'Japanese', 'title': 'メイドインアビス'}, {'type': 'English', 'title': 'Made in Abyss'}]",Made in Abyss,Made in Abyss,メイドインアビス,[],TV,Web manga,13.0,Finished Airing,False,25 min per ep,R - 17+ (violence & profanity),8.62,837276,102.0,92,1551220,47822,"The Abyss—a gaping chasm stretching down into the depths of the earth, filled with mysterious creatures and relics from a time long past. How did it come to be? What lies at the bottom? Countless brave individuals, known as Divers, have sought to solve these mysteries of the Abyss, fearlessly descending into its darkest realms. The best and bravest of the Divers, the White Whistles, are hailed as legends by those who remain on the surface.

Riko, daughter of the missing White Whistle Lyza the Annihilator, aspires to become like her mother and explore the furthest reaches of the Abyss. However, just a novice Red Whistle herself, she is only permitted to roam its most upper layer. Even so, Riko has a chance encounter with a mysterious robot with the appearance of an ordinary young boy. She comes to name him Reg, and he has no recollection of the events preceding his discovery. Certain that the technology to create Reg must come from deep within the Abyss, the two decide to venture forth into the chasm to recover his memories and see the bottom of the great pit with their own eyes. However, they know not of the harsh reality that is the true existence of the Abyss.

[Written by MAL Rewrite]","The first season adapts the first three manga volumes in their entirety, and it concludes with the first chapter of the manga's fourth volume.",summer,2017.0,"[{'mal_id': 238, 'type': 'anime', 'name': 'AT-X', 'url': 'https://myanimelist.net/anime/producer/238/AT-X'}, {'mal_id': 332, 'type': 'anime', 'name': 'Takeshobo', 'url': 'https://myanimelist.net/anime/producer/332/Takeshobo'}, {'mal_id': 737, 'type': 'anime', 'name': 'Sony Music Communications', 'url': 'https://myanimelist.net/anime/producer/737/Sony_Music_Communications'}, {'mal_id': 1551, 'type': 'anime', 'name': 'Kadokawa Media House', 'url': 'https://myanimelist.net/anime/producer/1551/Kadokawa_Media_House'}, {'mal_id': 1587, 'type': 'anime', 'name': 'Cygames', 'url': 'https://myanimelist.net/anime/producer/1587/Cygames'}, {'mal_id': 1677, 'type': 'anime', 'name': 'Kanetsu Investment', 'url': 'https://myanimelist.net/anime/producer/1677/Kanetsu_Investment'}, {'mal_id': 1696, 'type': 'anime', 'name': 'Kadokawa', 'url': 'https://myanimelist.net/anime/producer/1696/Kadokawa'}, {'mal_id': 2095, 'type': 'anime', 'name': 'Global Solutions', 'url': 'https://myanimelist.net/anime/producer/2095/Global_Solutions'}, {'mal_id': 2369, 'type': 'anime', 'name': 'IRMA LA DOUCE', 'url': 'https://myanimelist.net/anime/producer/2369/IRMA_LA_DOUCE'}]","[{'mal_id': 376, 'type': 'anime', 'name': 'Sentai Filmworks', 'url': 'https://myanimelist.net/anime/producer/376/Sentai_Filmworks'}]","[{'mal_id': 290, 'type': 'anime', 'name': 'Kinema Citrus', 'url': 'https://myanimelist.net/anime/producer/290/Kinema_Citrus'}]","[{'mal_id': 2, 'type': 'anime', 'name': 'Adventure', 'url': 'https://myanimelist.net/anime/genre/2/Adventure'}, {'mal_id': 8, 'type': 'anime', 'name': 'Drama', 'url': 'https://myanimelist.net/anime/genre/8/Drama'}, {'mal_id': 10, 'type': 'anime', 'name': 'Fantasy', 'url': 'https://myanimelist.net/anime/genre/10/Fantasy'}, {'mal_id': 7, 'type': 'anime', 'name': 'Mystery', 'url': 'https://myanimelist.net/anime/genre/7/Mystery'}, {'mal_id': 24, 'type': 'anime', 'name': 'Sci-Fi', 'url': 'https://myanimelist.net/anime/genre/24/Sci-Fi'}]",[],"[{'mal_id': 58, 'type': 'anime', 'name': 'Gore', 'url': 'https://myanimelist.net/anime/genre/58/Gore'}]",[],https://myanimelist.net/images/anime/6/86733.jpg,https://myanimelist.net/images/anime/6/86733t.jpg,https://myanimelist.net/images/anime/6/86733l.jpg,https://myanimelist.net/images/anime/6/86733.webp,https://myanimelist.net/images/anime/6/86733t.webp,https://myanimelist.net/images/anime/6/86733l.webp,,,https://www.youtube-nocookie.com/embed/AQbaZeby2zA?enablejsapi=1&wmode=opaque&autoplay=1,,,,,,2017-07-07T00:00:00+00:00,2017-09-29T00:00:00+00:00,7,7,2017,29.0,9.0,2017.0,"Jul 7, 2017 to Sep 29, 2017",Fridays,21:30,Asia/Tokyo,Fridays at 21:30 (JST)
